Date,Time,Battery Voltage(V),Battery Current(mA),Battery Power(W),Temperature(*C),Pressure(hPa),Humidity(%),Gas(kOhms),Altitude(m),PM > 0.3(Particles/0.1L),PM > 0.5(Particles/0.1L),PM > 1.0(Particles/0.1L),PM > 2.5(Particles/0.1L),PM > 5.0(Particles/0.1L),PM > 10.0(Particles/0.1L),PM1.0(ug/m3),PM2.5(ug/m3),PM10.0(ug/m3),AQI(PM2.5),AQI(PM10.0)
1/1/2000 Sat.,00:00:48,6.43,86.70,0.56,26.57,1001.98,20.05,1188.78,94.26,996,233,44,8,3,1,4,7,9,29.17,8.33
1/1/2000 Sat.,00:00:49,6.43,86.80,0.56,26.58,1001.98,19.97,1212.53,94.26,975,222,36,9,4,2,4,6,9,25.00,8.33
1/1/2000 Sat.,00:00:50,6.39,101.10,0.65,26.69,1002.00,19.85,1233.83,94.42,975,222,36,9,4,2,4,6,9,25.00,8.33
1/1/2000 Sat.,00:00:51,6.44,92.20,0.59,26.80,1001.96,19.73,1246.50,94.09,975,222,36,9,4,2,4,6,9,25.00,8.33
1/1/2000 Sat.,00:00:52,6.43,83.90,0.54,26.88,1001.98,19.60,1263.01,94.42,939,207,38,9,4,2,3,6,9,25.00,8.33
1/1/2000 Sat.,00:00:52,6.43,81.70,0.53,26.93,1001.96,19.44,1277.51,94.42,939,207,38,9,4,2,3,6,9,25.00,8.33
1/1/2000 Sat.,00:00:53,6.39,100.90,0.64,26.97,1001.96,19.31,1294.86,94.51,939,207,38,9,4,2,3,6,9,25.00,8.33
1/1/2000 Sat.,00:00:54,6.43,93.30,0.60,26.90,1001.96,19.13,1304.98,94.68,954,206,36,10,5,2,3,6,11,25.00,10.19
1/1/2000 Sat.,00:00:55,6.44,83.80,0.54,26.86,1001.93,18.98,1319.17,94.51,954,206,36,10,5,2,3,6,11,25.00,10.19
1/1/2000 Sat.,00:00:56,6.39,99.60,0.64,26.83,1001.95,18.96,1335.00,94.51,954,206,36,10,5,2,3,6,11,25.00,10.19
1/1/2000 Sat.,00:00:57,6.43,91.20,0.59,26.78,1001.89,18.83,1347.12,94.84,999,215,38,13,6,2,3,6,12,25.00,11.11
1/1/2000 Sat.,00:00:58,6.44,85.60,0.55,26.76,1001.91,18.73,1355.33,94.84,999,215,38,13,6,2,3,6,12,25.00,11.11
1/1/2000 Sat.,00:00:59,6.39,108.80,0.70,26.76,1001.89,18.57,1380.56,95.01,999,215,38,13,6,2,3,6,12,25.00,11.11
1/1/2000 Sat.,00:01:00,6.44,91.50,0.59,26.73,1001.87,18.46,1383.42,95.01,981,215,30,8,3,1,3,6,8,25.00,7.41
1/1/2000 Sat.,00:01:00,6.42,89.70,0.58,26.72,1001.87,18.38,1392.07,95.35,981,215,30,8,3,1,3,6,8,25.00,7.41
1/1/2000 Sat.,00:01:01,6.40,106.30,0.68,26.73,1001.83,18.30,1402.31,95.52,981,215,30,8,3,1,3,6,8,25.00,7.41
1/1/2000 Sat.,00:01:02,6.42,83.30,0.54,26.71,1001.85,18.21,1417.20,95.35,1053,230,32,9,3,1,4,7,9,29.17,8.33
1/1/2000 Sat.,00:01:03,6.44,93.40,0.60,26.72,1001.83,18.16,1423.24,95.68,1053,230,32,9,3,1,4,7,9,29.17,8.33
1/1/2000 Sat.,00:01:04,6.41,111.30,0.71,26.73,1001.81,18.09,1433.94,95.85,1053,230,32,9,3,1,4,7,9,29.17,8.33
1/1/2000 Sat.,00:01:05,6.42,92.60,0.59,26.70,1001.85,18.01,1446.37,95.35,1092,239,45,11,3,1,4,8,11,33.33,10.19
1/1/2000 Sat.,00:01:06,6.42,90.70,0.58,26.71,1001.87,17.97,1459.02,95.35,1092,239,45,11,3,1,4,8,11,33.33,10.19
1/1/2000 Sat.,00:01:07,6.39,105.40,0.67,26.72,1001.87,17.91,1463.82,95.52,1092,239,45,11,3,1,4,8,11,33.33,10.19
1/1/2000 Sat.,00:01:08,6.39,109.80,0.70,26.69,1001.85,17.85,1470.26,95.35,1092,241,43,11,3,1,4,8,11,33.33,10.19
1/1/2000 Sat.,00:01:09,6.40,112.50,0.72,26.66,1001.85,17.79,1478.41,94.84,1014,224,41,12,3,1,3,7,10,29.17,9.26
1/1/2000 Sat.,00:01:10,6.39,106.70,0.68,26.66,1001.95,17.77,1486.64,94.68,1008,224,45,13,3,1,3,7,10,29.17,9.26
1/1/2000 Sat.,00:01:10,6.38,101.70,0.65,26.68,1001.95,17.78,1476.77,94.42,1200,248,54,13,2,0,4,8,10,33.33,9.26
1/1/2000 Sat.,00:01:11,6.38,104.70,0.67,26.71,1001.96,18.05,1462.21,94.51,1221,261,63,14,2,0,4,9,12,37.50,11.11
1/1/2000 Sat.,00:01:12,6.38,112.00,0.71,26.71,1001.96,18.41,1460.61,94.42,1218,257,71,16,1,0,4,9,13,37.50,12.04
1/1/2000 Sat.,00:01:13,6.40,110.70,0.71,26.71,1001.98,18.69,1468.65,94.26,1212,262,69,16,0,0,4,9,12,37.50,11.11
1/1/2000 Sat.,00:01:14,6.39,111.30,0.71,26.70,1002.00,18.82,1480.04,94.09,1179,255,75,17,0,0,4,9,13,37.50,12.04
1/1/2000 Sat.,00:01:15,6.38,101.40,0.65,26.70,1002.02,18.90,1494.96,93.92,1140,227,71,17,0,0,3,8,12,33.33,11.11
1/1/2000 Sat.,00:01:16,6.39,110.90,0.71,26.70,1002.02,18.93,1501.69,93.92,1233,247,63,13,0,0,4,7,12,29.17,11.11
1/1/2000 Sat.,00:01:17,6.38,104.00,0.66,26.71,1002.02,18.96,1491.62,93.92,1233,242,67,16,1,0,3,7,13,29.17,12.04
1/1/2000 Sat.,00:01:18,6.39,112.10,0.72,26.71,1002.04,19.08,1494.96,93.75,1311,259,71,16,1,0,4,8,13,33.33,12.04
1/1/2000 Sat.,00:01:19,6.42,93.50,0.60,26.71,1002.06,19.20,1494.96,93.42,1311,263,71,16,1,0,4,8,13,33.33,12.04
1/1/2000 Sat.,00:01:19,6.41,86.40,0.55,26.76,1002.06,19.24,1508.47,93.75,1311,263,71,16,1,0,4,8,13,33.33,12.04
1/1/2000 Sat.,00:01:20,6.38,112.10,0.72,26.81,1002.04,19.33,1508.47,93.75,1311,263,71,16,1,0,4,8,13,33.33,12.04
1/1/2000 Sat.,00:01:21,6.42,92.90,0.60,26.81,1002.02,19.40,1507.62,93.75,1131,241,64,15,1,0,3,8,13,33.33,12.04
1/1/2000 Sat.,00:01:22,6.43,93.10,0.60,26.84,1002.06,19.47,1511.89,93.75,1131,241,64,15,1,0,3,8,13,33.33,12.04
1/1/2000 Sat.,00:01:23,6.38,103.50,0.66,26.88,1002.04,19.59,1505.07,93.58,1131,241,64,15,1,0,3,8,13,33.33,12.04
1/1/2000 Sat.,00:01:24,6.42,93.30,0.60,26.86,1002.06,19.78,1505.07,93.42,1158,254,53,14,1,0,4,8,12,33.33,11.11
1/1/2000 Sat.,00:01:25,6.41,92.30,0.59,26.89,1002.08,20.03,1481.69,93.25,1158,254,53,14,1,0,4,8,12,33.33,11.11
1/1/2000 Sat.,00:01:25,6.37,111.80,0.71,26.93,1002.08,20.37,1478.41,93.58,1158,254,53,14,1,0,4,8,12,33.33,11.11
1/1/2000 Sat.,00:01:26,6.42,94.70,0.61,26.92,1002.06,20.69,1476.77,93.75,1218,268,53,11,1,0,4,8,12,33.33,11.11
1/1/2000 Sat.,00:01:27,6.42,93.10,0.60,26.94,1002.04,20.88,1480.04,93.92,1218,268,53,11,1,0,4,8,12,33.33,11.11
1/1/2000 Sat.,00:01:28,6.38,112.30,0.72,26.97,1002.00,21.06,1498.32,94.09,1218,268,53,11,1,0,4,8,12,33.33,11.11
1/1/2000 Sat.,00:01:29,6.42,95.20,0.61,26.95,1001.96,21.09,1515.32,94.42,1284,283,53,9,2,1,6,8,12,33.33,11.11
1/1/2000 Sat.,00:01:30,6.42,89.50,0.57,26.97,1001.95,21.07,1504.22,94.42,1284,283,53,9,2,1,6,8,12,33.33,11.11
1/1/2000 Sat.,00:01:31,6.39,112.80,0.72,27.00,1001.96,21.00,1505.92,94.51,1284,283,53,9,2,1,6,8,12,33.33,11.11
1/1/2000 Sat.,00:01:32,6.41,82.80,0.53,26.98,1001.93,20.89,1524.84,94.51,1344,305,53,9,2,1,6,8,13,33.33,12.04
1/1/2000 Sat.,00:01:32,6.41,83.50,0.54,27.00,1001.96,20.78,1537.13,94.42,1344,305,53,9,2,1,6,8,13,33.33,12.04
1/1/2000 Sat.,00:01:33,6.38,113.20,0.72,27.03,1001.96,20.66,1530.09,94.42,1344,305,53,9,2,1,6,8,13,33.33,12.04
1/1/2000 Sat.,00:01:34,6.41,83.10,0.53,27.02,1001.96,20.60,1537.13,94.51,1353,314,57,9,2,1,6,9,13,37.50,12.04
1/1/2000 Sat.,00:01:35,6.41,92.10,0.59,27.05,1001.95,20.66,1513.60,94.68,1353,314,57,9,2,1,6,9,13,37.50,12.04
1/1/2000 Sat.,00:01:36,6.38,112.10,0.72,27.08,1001.93,20.84,1513.60,94.84,1353,314,57,9,2,1,6,9,13,37.50,12.04
1/1/2000 Sat.,00:01:37,6.41,85.60,0.55,27.07,1001.91,21.17,1507.62,95.01,1200,283,50,9,3,2,6,8,13,33.33,12.04
1/1/2000 Sat.,00:01:38,6.41,85.30,0.55,27.09,1001.85,21.37,1498.32,95.52,1200,283,50,9,3,2,6,8,13,33.33,12.04
1/1/2000 Sat.,00:01:38,6.38,113.20,0.72,27.11,1001.81,21.64,1518.77,95.35,1200,283,50,9,3,2,6,8,13,33.33,12.04
1/1/2000 Sat.,00:01:39,6.41,94.40,0.61,27.10,1001.81,21.77,1519.64,96.02,1227,286,46,6,2,2,6,8,12,33.33,11.11
1/1/2000 Sat.,00:01:40,6.41,81.00,0.52,27.12,1001.77,21.79,1523.97,96.02,1227,286,46,6,2,2,6,8,12,33.33,11.11
1/1/2000 Sat.,00:01:41,6.38,111.60,0.71,27.15,1001.75,21.81,1531.84,96.19,1227,286,46,6,2,2,6,8,12,33.33,11.11
1/1/2000 Sat.,00:01:42,6.41,92.60,0.59,27.14,1001.75,21.83,1512.75,96.02,1173,271,39,5,2,2,6,8,10,33.33,9.26
1/1/2000 Sat.,00:01:43,6.41,93.30,0.60,27.16,1001.79,21.93,1531.84,96.19,1173,271,39,5,2,2,6,8,10,33.33,9.26
1/1/2000 Sat.,00:01:44,6.39,112.60,0.72,27.19,1001.69,21.99,1537.13,97.03,1173,271,39,5,2,2,6,8,10,33.33,9.26
1/1/2000 Sat.,00:01:45,6.41,91.60,0.59,27.17,1001.67,21.96,1552.33,96.86,1131,256,34,4,2,2,4,7,9,29.17,8.33
1/1/2000 Sat.,00:01:45,6.42,92.30,0.59,27.19,1001.69,21.89,1560.49,97.03,1131,256,34,4,2,2,4,7,9,29.17,8.33
1/1/2000 Sat.,00:01:46,6.38,110.60,0.71,27.21,1001.67,21.77,1555.94,97.03,1131,256,34,4,2,2,4,7,9,29.17,8.33
1/1/2000 Sat.,00:01:47,6.42,92.20,0.59,27.19,1001.71,21.60,1574.29,96.36,1125,258,34,4,2,2,5,7,9,29.17,8.33
1/1/2000 Sat.,00:01:48,6.42,93.20,0.60,27.21,1001.75,21.42,1586.45,96.19,1125,258,34,4,2,2,5,7,9,29.17,8.33
1/1/2000 Sat.,00:01:49,6.37,104.20,0.66,27.23,1001.77,21.24,1599.76,96.02,1125,258,34,4,2,2,5,7,9,29.17,8.33
1/1/2000 Sat.,00:01:50,6.42,83.10,0.53,27.21,1001.83,21.05,1592.13,95.68,1086,243,38,4,2,2,4,7,9,29.17,8.33
1/1/2000 Sat.,00:01:51,6.41,82.00,0.53,27.23,1001.83,20.90,1598.80,95.68,1086,243,38,4,2,2,4,7,9,29.17,8.33
1/1/2000 Sat.,00:01:51,6.39,110.80,0.71,27.26,1001.85,20.79,1593.08,95.35,1086,243,38,4,2,2,4,7,9,29.17,8.33
1/1/2000 Sat.,00:01:52,6.41,82.00,0.53,27.22,1001.87,20.72,1592.13,95.18,1047,236,30,4,2,2,4,7,8,29.17,7.41
1/1/2000 Sat.,00:01:53,6.42,92.10,0.59,27.21,1001.87,20.74,1583.63,95.01,1047,236,30,4,2,2,4,7,8,29.17,7.41
1/1/2000 Sat.,00:01:54,6.37,110.90,0.71,27.24,1001.91,20.82,1567.82,94.84,1047,236,30,4,2,2,4,7,8,29.17,7.41
1/1/2000 Sat.,00:01:55,6.41,86.70,0.56,27.24,1001.93,20.97,1565.98,94.84,930,201,25,3,1,1,3,5,7,20.83,6.48
1/1/2000 Sat.,00:01:56,6.41,84.60,0.54,27.26,1001.91,21.12,1564.15,95.01,930,201,25,3,1,1,3,5,7,20.83,6.48
1/1/2000 Sat.,00:01:57,6.38,111.30,0.71,27.30,1001.89,21.28,1557.76,95.01,930,201,25,3,1,1,3,5,7,20.83,6.48
1/1/2000 Sat.,00:01:58,6.41,87.20,0.56,27.28,1001.85,21.47,1552.33,95.35,957,186,23,3,2,1,3,4,7,16.67,6.48
1/1/2000 Sat.,00:01:58,6.42,91.00,0.58,27.30,1001.81,21.68,1544.25,95.85,957,186,23,3,2,1,3,4,7,16.67,6.48
1/1/2000 Sat.,00:01:59,6.37,100.10,0.64,27.34,1001.83,21.89,1529.21,95.68,957,186,23,3,2,1,3,4,7,16.67,6.48
1/1/2000 Sat.,00:02:00,6.43,90.20,0.58,27.32,1001.77,22.15,1519.64,96.19,948,186,21,3,3,1,3,4,7,16.67,6.48
1/1/2000 Sat.,00:02:01,6.42,92.80,0.60,27.33,1001.81,22.40,1513.60,95.85,948,186,21,3,3,1,3,4,7,16.67,6.48
1/1/2000 Sat.,00:02:02,6.38,107.40,0.69,27.37,1001.75,22.65,1504.22,96.36,948,186,21,3,3,1,3,4,7,16.67,6.48
1/1/2000 Sat.,00:02:03,6.42,93.30,0.60,27.35,1001.71,22.92,1511.89,96.36,969,185,19,2,2,0,3,4,5,16.67,4.63
1/1/2000 Sat.,00:02:04,6.41,83.20,0.53,27.37,1001.71,23.17,1498.32,97.20,969,185,19,2,2,0,3,4,5,16.67,4.63
1/1/2000 Sat.,00:02:04,6.38,112.70,0.72,27.40,1001.65,23.44,1488.29,97.37,969,185,19,2,2,0,3,4,5,16.67,4.63
1/1/2000 Sat.,00:02:05,6.42,92.90,0.60,27.38,1001.59,23.80,1498.32,98.04,948,189,19,2,2,0,3,4,5,16.67,4.63
1/1/2000 Sat.,00:02:06,6.40,91.70,0.59,27.39,1001.53,24.09,1486.64,98.21,948,189,19,2,2,0,3,4,5,16.67,4.63
1/1/2000 Sat.,00:02:07,6.38,101.30,0.65,27.42,1001.53,24.32,1468.65,98.46,948,189,19,2,2,0,3,4,5,16.67,4.63
1/1/2000 Sat.,00:02:08,6.42,91.40,0.59,27.40,1001.49,24.57,1463.82,98.37,978,195,22,2,2,0,3,4,5,16.67,4.63
1/1/2000 Sat.,00:02:09,6.40,83.10,0.53,27.42,1001.49,24.87,1462.21,98.63,978,195,22,2,2,0,3,4,5,16.67,4.63
1/1/2000 Sat.,00:02:10,6.37,108.20,0.69,27.44,1001.46,25.17,1460.61,98.63,978,195,22,2,2,0,3,4,5,16.67,4.63
1/1/2000 Sat.,00:02:11,6.40,93.30,0.60,27.42,1001.48,25.40,1467.03,98.79,1065,221,32,2,2,0,4,5,7,20.83,6.48
1/1/2000 Sat.,00:02:11,6.40,92.60,0.59,27.43,1001.44,25.50,1470.26,99.13,1065,221,32,2,2,0,4,5,7,20.83,6.48
1/1/2000 Sat.,00:02:12,6.38,111.40,0.71,27.46,1001.46,25.50,1481.69,98.63,1065,221,32,2,2,0,4,5,7,20.83,6.48
1/1/2000 Sat.,00:02:13,6.40,82.40,0.53,27.44,1001.46,25.39,1501.69,98.96,1086,226,36,5,2,0,4,7,8,29.17,7.41
1/1/2000 Sat.,00:02:14,6.40,92.70,0.59,27.45,1001.49,25.27,1505.07,98.37,1086,226,36,5,2,0,4,7,8,29.17,7.41
1/1/2000 Sat.,00:02:15,6.37,111.90,0.71,27.48,1001.48,25.19,1508.47,98.79,1086,226,36,5,2,0,4,7,8,29.17,7.41
1/1/2000 Sat.,00:02:16,6.41,90.30,0.58,27.46,1001.44,25.08,1496.64,99.13,1104,232,36,5,2,0,4,7,8,29.17,7.41
1/1/2000 Sat.,00:02:17,6.40,90.70,0.58,27.47,1001.44,25.02,1511.89,98.79,1104,232,36,5,2,0,4,7,8,29.17,7.41
1/1/2000 Sat.,00:02:17,6.38,112.00,0.72,27.50,1001.46,24.90,1523.97,98.46,1104,232,36,5,2,0,4,7,8,29.17,7.41
1/1/2000 Sat.,00:02:18,6.40,91.90,0.59,27.48,1001.46,24.61,1528.33,98.37,1077,229,36,6,2,0,4,7,8,29.17,7.41
1/1/2000 Sat.,00:02:19,6.40,91.50,0.59,27.49,1001.53,24.28,1551.42,98.04,1077,229,36,6,2,0,4,7,8,29.17,7.41
1/1/2000 Sat.,00:02:20,6.38,111.20,0.71,27.52,1001.55,23.91,1564.15,97.87,1077,229,36,6,2,0,4,6,8,25.00,7.41
1/1/2000 Sat.,00:02:21,6.41,92.30,0.59,27.50,1001.57,23.46,1577.08,98.04,1074,237,45,9,2,0,4,8,9,33.33,8.33
1/1/2000 Sat.,00:02:22,6.42,89.80,0.58,27.51,1001.55,23.08,1589.29,97.87,1074,237,45,9,2,0,4,8,9,33.33,8.33
1/1/2000 Sat.,00:02:23,6.37,108.50,0.69,27.54,1001.53,22.70,1605.53,98.04,1074,237,45,9,2,0,4,8,9,33.33,8.33
1/1/2000 Sat.,00:02:23,6.40,87.80,0.56,27.52,1001.55,22.32,1596.89,97.87,1005,228,41,8,1,0,4,8,8,33.33,7.41
1/1/2000 Sat.,00:02:24,6.42,91.90,0.59,27.54,1001.55,22.06,1594.98,97.87,1005,228,41,8,1,0,4,8,8,33.33,7.41
1/1/2000 Sat.,00:02:25,6.37,100.70,0.64,27.57,1001.55,21.92,1601.68,97.87,1005,228,41,8,1,0,4,8,8,33.33,7.41
1/1/2000 Sat.,00:02:26,6.41,89.70,0.57,27.55,1001.57,21.85,1599.76,97.70,987,227,41,8,0,0,4,8,8,33.33,7.41
1/1/2000 Sat.,00:02:27,6.40,91.60,0.59,27.57,1001.57,21.83,1609.40,97.70,987,227,41,8,0,0,4,8,8,33.33,7.41
1/1/2000 Sat.,00:02:28,6.38,108.50,0.69,27.60,1001.57,21.81,1602.64,97.70,987,227,41,8,0,0,4,8,8,33.33,7.41
1/1/2000 Sat.,00:02:29,6.40,92.30,0.59,27.58,1001.57,21.77,1622.11,97.87,999,241,47,8,0,0,4,8,9,33.33,8.33
1/1/2000 Sat.,00:02:30,6.40,90.70,0.58,27.59,1001.57,21.72,1624.09,97.87,999,241,47,8,0,0,4,8,9,33.33,8.33
1/1/2000 Sat.,00:02:30,6.37,109.90,0.70,27.62,1001.55,21.60,1640.05,97.70,999,241,47,8,0,0,4,8,9,33.33,8.33
1/1/2000 Sat.,00:02:31,6.41,88.70,0.57,27.59,1001.53,21.48,1619.16,98.21,1005,241,47,9,1,1,4,8,9,33.33,8.33
1/1/2000 Sat.,00:02:32,6.42,91.90,0.59,27.61,1001.51,21.47,1613.29,98.21,1005,241,47,9,1,1,4,8,9,33.33,8.33
1/1/2000 Sat.,00:02:33,6.37,111.20,0.71,27.64,1001.46,21.61,1601.68,98.63,1005,241,47,9,1,1,4,8,9,33.33,8.33
1/1/2000 Sat.,00:02:34,6.40,81.20,0.52,27.62,1001.44,21.83,1597.85,98.63,1011,244,47,10,2,2,4,8,10,33.33,9.26
1/1/2000 Sat.,00:02:35,6.40,92.10,0.59,27.64,1001.40,22.12,1588.34,98.96,1011,244,47,10,2,2,4,8,10,33.33,9.26
1/1/2000 Sat.,00:02:36,6.38,109.20,0.70,27.67,1001.40,22.42,1595.94,99.63,1011,244,47,10,2,2,4,8,10,33.33,9.26
1/1/2000 Sat.,00:02:36,6.40,84.60,0.54,27.65,1001.26,22.61,1585.51,100.31,987,235,42,10,2,2,4,8,9,33.33,8.33
1/1/2000 Sat.,00:02:37,6.40,92.30,0.59,27.66,1001.18,22.72,1594.03,101.15,987,235,42,10,2,2,4,8,9,33.33,8.33
1/1/2000 Sat.,00:02:38,6.38,110.90,0.71,27.69,1001.12,22.80,1607.46,101.32,987,235,42,10,2,2,4,8,9,33.33,8.33
1/1/2000 Sat.,00:02:39,6.40,84.80,0.54,27.67,1001.20,22.85,1592.13,100.98,966,230,40,8,3,2,4,6,9,25.00,8.33
1/1/2000 Sat.,00:02:40,6.41,77.80,0.50,27.69,1001.24,22.99,1578.95,100.31,966,230,40,8,3,2,4,6,9,25.00,8.33
1/1/2000 Sat.,00:02:41,6.38,107.30,0.68,27.72,1001.26,23.21,1555.94,99.97,966,230,40,8,3,2,4,6,9,25.00,8.33
1/1/2000 Sat.,00:02:42,6.40,94.20,0.60,27.70,1001.32,23.56,1571.51,99.97,1179,242,38,8,3,2,4,6,9,25.00,8.33
1/1/2000 Sat.,00:02:42,6.40,83.40,0.53,27.71,1001.34,23.83,1564.15,99.63,1179,242,38,8,3,2,4,6,9,25.00,8.33
1/1/2000 Sat.,00:02:43,6.38,106.80,0.68,27.73,1001.34,23.98,1567.82,99.47,1179,242,38,8,3,2,4,6,9,25.00,8.33
1/1/2000 Sat.,00:02:44,6.42,89.10,0.57,27.71,1001.40,24.05,1569.67,98.96,1251,247,40,7,3,2,4,6,9,25.00,8.33
1/1/2000 Sat.,00:02:45,6.40,87.50,0.56,27.73,1001.46,24.07,1573.36,98.46,1251,247,40,7,3,2,4,6,9,25.00,8.33
1/1/2000 Sat.,00:02:46,6.37,98.20,0.63,27.76,1001.49,24.06,1571.51,98.21,1251,247,40,7,3,2,4,6,9,25.00,8.33
1/1/2000 Sat.,00:02:47,6.40,90.60,0.58,27.74,1001.51,23.98,1581.75,98.37,1233,236,34,4,3,2,4,5,8,20.83,7.41
1/1/2000 Sat.,00:02:48,6.40,87.50,0.56,27.75,1001.53,23.96,1578.95,98.04,1233,236,34,4,3,2,4,5,8,20.83,7.41
1/1/2000 Sat.,00:02:48,6.37,104.30,0.66,27.77,1001.53,23.86,1584.57,98.04,1233,236,34,4,3,2,4,5,8,20.83,7.41
1/1/2000 Sat.,00:02:49,6.40,87.80,0.56,27.75,1001.53,23.73,1605.53,98.21,1206,232,34,4,3,2,4,5,8,20.83,7.41
1/1/2000 Sat.,00:02:50,6.41,90.30,0.58,27.73,1001.53,23.55,1615.25,97.87,1206,232,34,4,3,2,4,5,8,20.83,7.41
1/1/2000 Sat.,00:02:51,6.37,105.70,0.67,27.73,1001.55,23.32,1621.13,98.21,1206,232,34,4,3,2,4,5,8,20.83,7.41
1/1/2000 Sat.,00:02:52,6.41,88.70,0.57,27.69,1001.55,23.02,1628.05,97.87,1140,215,32,3,3,2,3,5,8,20.83,7.41
1/1/2000 Sat.,00:02:53,6.41,88.80,0.57,27.69,1001.57,22.76,1624.09,97.70,1140,215,32,3,3,2,3,5,8,20.83,7.41
1/1/2000 Sat.,00:02:54,6.37,97.30,0.62,27.71,1001.57,22.54,1656.33,97.53,1140,215,32,3,3,2,3,5,8,20.83,7.41
1/1/2000 Sat.,00:02:55,6.40,78.40,0.50,27.68,1001.59,22.28,1651.21,97.53,1095,195,26,3,3,2,3,4,7,16.67,6.48
1/1/2000 Sat.,00:02:56,6.41,89.60,0.57,27.71,1001.59,22.06,1678.19,97.70,1095,195,26,3,3,2,3,4,6,16.67,5.56
1/1/2000 Sat.,00:02:56,6.38,108.40,0.69,27.76,1001.59,21.86,1668.75,97.53,1095,195,26,3,3,2,3,4,6,16.67,5.56
1/1/2000 Sat.,00:02:57,6.42,89.70,0.58,27.75,1001.63,21.60,1686.67,97.37,1089,182,26,2,2,1,3,4,5,16.67,4.63
1/1/2000 Sat.,00:02:58,6.41,88.90,0.57,27.77,1001.61,21.50,1686.67,97.20,1089,182,26,2,2,1,3,4,5,16.67,4.63
1/1/2000 Sat.,00:02:59,6.37,107.80,0.69,27.77,1001.65,22.05,1715.94,97.03,1089,182,26,2,2,1,3,4,5,16.67,4.63
1/1/2000 Sat.,00:03:00,6.40,78.60,0.50,27.68,1001.67,21.35,1728.16,96.69,1053,173,26,1,1,0,3,4,4,16.67,3.70
1/1/2000 Sat.,00:03:01,6.40,86.70,0.56,27.58,1001.67,20.96,1739.41,96.69,1053,173,26,1,1,0,3,4,4,16.67,3.70
1/1/2000 Sat.,00:03:02,6.36,97.90,0.62,27.44,1001.69,20.79,1755.42,96.69,1053,173,26,1,1,0,3,4,4,16.67,3.70
1/1/2000 Sat.,00:03:03,6.41,88.30,0.57,27.23,1001.67,20.54,1769.38,96.52,1038,162,22,1,1,0,3,3,4,12.50,3.70
1/1/2000 Sat.,00:03:04,6.40,91.00,0.58,27.04,1001.71,20.28,1781.19,96.69,1038,162,22,1,1,0,3,3,4,12.50,3.70
1/1/2000 Sat.,00:03:04,6.38,108.40,0.69,26.81,1001.69,19.93,1793.15,96.69,1038,162,22,1,1,0,3,3,4,12.50,3.70
1/1/2000 Sat.,00:03:05,6.40,80.00,0.51,26.56,1001.71,19.78,1797.98,96.36,1026,162,20,3,1,0,2,3,4,12.50,3.70
1/1/2000 Sat.,00:03:06,6.40,79.40,0.51,26.32,1001.69,19.46,1817.56,96.36,1026,162,20,3,1,0,2,3,4,12.50,3.70
1/1/2000 Sat.,00:03:07,6.36,101.50,0.65,26.06,1001.71,19.18,1851.59,96.52,1026,162,20,3,1,0,2,3,4,12.50,3.70
1/1/2000 Sat.,00:03:08,6.40,80.60,0.52,25.73,1001.71,18.91,1867.13,96.86,747,135,20,3,1,0,2,3,4,12.50,3.70
1/1/2000 Sat.,00:03:09,6.41,89.20,0.57,25.51,1001.69,18.71,1868.44,96.69,747,135,20,3,1,0,2,3,4,12.50,3.70
1/1/2000 Sat.,00:03:10,6.37,109.20,0.70,25.27,1001.69,18.52,1881.61,96.69,747,135,20,3,1,0,2,3,4,12.50,3.70
1/1/2000 Sat.,00:03:11,6.40,89.60,0.57,25.04,1001.69,18.36,1897.66,96.86,654,126,22,3,1,0,2,3,3,12.50,2.78
1/1/2000 Sat.,00:03:12,6.40,89.10,0.57,24.86,1001.65,18.19,1916.73,97.03,654,126,22,3,1,0,2,3,3,12.50,2.78
1/1/2000 Sat.,00:03:12,6.36,103.50,0.66,24.65,1001.65,18.08,1956.04,97.20,654,126,22,3,1,0,2,3,3,12.50,2.78
1/1/2000 Sat.,00:03:13,6.40,80.70,0.52,24.39,1001.63,18.02,1961.79,96.86,672,127,22,3,1,0,2,3,3,12.50,2.78
1/1/2000 Sat.,00:03:14,6.40,86.60,0.55,24.19,1001.69,17.96,1986.61,96.86,672,127,22,3,1,0,2,3,3,12.50,2.78
1/1/2000 Sat.,00:03:15,6.36,101.20,0.64,24.02,1001.69,17.94,1986.61,96.52,672,127,22,3,1,0,2,3,3,12.50,2.78
1/1/2000 Sat.,00:03:16,6.40,81.00,0.52,23.89,1001.67,17.85,1979.24,96.86,708,133,21,3,1,0,2,3,3,12.50,2.78
1/1/2000 Sat.,00:03:17,6.40,86.50,0.55,23.80,1001.67,17.84,1969.03,97.03,708,133,21,3,1,0,2,3,3,12.50,2.78
1/1/2000 Sat.,00:03:18,6.36,102.50,0.65,23.74,1001.69,18.04,1985.13,96.86,708,133,21,3,1,0,2,3,3,12.50,2.78
1/1/2000 Sat.,00:03:18,6.41,90.10,0.58,23.62,1001.67,17.82,1989.57,97.03,780,153,25,3,1,0,2,3,4,12.50,3.70
1/1/2000 Sat.,00:03:19,6.40,81.30,0.52,23.53,1001.69,17.81,2003.00,96.69,780,153,25,3,1,0,2,3,4,12.50,3.70
1/1/2000 Sat.,00:03:20,6.36,102.40,0.65,23.41,1001.69,17.81,2013.57,96.69,780,153,25,3,1,0,2,3,4,12.50,3.70
1/1/2000 Sat.,00:03:21,6.40,87.30,0.56,23.28,1001.67,17.86,2009.03,96.86,735,146,24,3,1,0,2,3,4,12.50,3.70
1/1/2000 Sat.,00:03:22,6.40,86.40,0.55,23.19,1001.69,17.95,2036.61,96.52,735,146,24,3,1,0,2,3,4,12.50,3.70
1/1/2000 Sat.,00:03:23,6.36,98.80,0.63,23.10,1001.69,17.95,2044.41,96.69,735,146,24,3,1,0,2,3,4,12.50,3.70
1/1/2000 Sat.,00:03:24,6.41,88.70,0.57,22.94,1001.69,17.95,2053.85,96.86,636,137,26,3,1,0,2,3,4,12.50,3.70
1/1/2000 Sat.,00:03:25,6.40,83.00,0.53,22.80,1001.65,17.93,2076.20,96.86,636,137,26,3,1,0,2,3,4,12.50,3.70
1/1/2000 Sat.,00:03:25,6.36,108.20,0.69,22.67,1001.65,17.95,2087.57,97.03,636,137,26,3,1,0,2,3,4,12.50,3.70
1/1/2000 Sat.,00:03:26,6.40,85.40,0.55,22.48,1001.65,18.00,2087.57,96.86,696,152,24,3,1,0,2,3,4,12.50,3.70
1/1/2000 Sat.,00:03:27,6.40,89.50,0.57,22.30,1001.65,18.02,2097.41,96.86,696,152,24,3,1,0,2,3,4,12.50,3.70
1/1/2000 Sat.,00:03:28,6.37,107.60,0.69,22.07,1001.63,17.97,2115.69,97.37,696,152,24,3,1,0,2,3,4,12.50,3.70
1/1/2000 Sat.,00:03:29,6.41,89.80,0.58,21.80,1001.61,17.98,2125.80,97.03,675,161,28,3,1,0,3,4,4,16.67,3.70
1/1/2000 Sat.,00:03:30,6.39,82.80,0.53,21.61,1001.65,18.03,2142.86,97.03,675,161,28,3,1,0,3,4,4,16.67,3.70
1/1/2000 Sat.,00:03:31,6.37,109.00,0.69,21.39,1001.63,18.04,2139.42,97.37,675,161,28,3,1,0,3,4,4,16.67,3.70
1/1/2000 Sat.,00:03:32,6.39,88.00,0.56,21.19,1001.61,18.06,2168.97,97.20,681,155,25,0,0,0,3,3,3,12.50,2.78
1/1/2000 Sat.,00:03:32,6.40,87.60,0.56,21.06,1001.61,18.13,2188.52,97.20,681,155,25,0,0,0,3,3,3,12.50,2.78
1/1/2000 Sat.,00:03:33,6.36,109.10,0.69,20.95,1001.65,18.06,2172.50,97.03,681,155,25,0,0,0,3,3,3,12.50,2.78
1/1/2000 Sat.,00:03:34,6.39,92.80,0.59,20.86,1001.63,18.11,2197.53,97.20,714,159,23,0,0,0,3,3,3,12.50,2.78
1/1/2000 Sat.,00:03:35,6.40,91.80,0.59,20.81,1001.67,18.22,2184.94,97.03,714,159,23,0,0,0,3,3,3,12.50,2.78
1/1/2000 Sat.,00:03:36,6.36,108.90,0.69,20.78,1001.67,18.34,2201.15,96.69,714,159,23,0,0,0,3,3,3,12.50,2.78
1/1/2000 Sat.,00:03:37,6.38,91.20,0.58,20.70,1001.69,18.40,2204.79,96.69,708,152,19,1,1,0,3,3,3,12.50,2.78
1/1/2000 Sat.,00:03:38,6.39,81.60,0.52,20.63,1001.69,18.54,2219.45,96.69,708,152,19,1,1,0,3,3,3,12.50,2.78
1/1/2000 Sat.,00:03:39,6.36,99.60,0.63,20.54,1001.69,18.60,2208.44,97.03,708,152,19,1,1,0,3,3,3,12.50,2.78
1/1/2000 Sat.,00:03:39,6.39,92.40,0.59,20.42,1001.65,18.68,2213.93,96.69,750,156,16,1,1,0,3,3,3,12.50,2.78
1/1/2000 Sat.,00:03:40,6.39,91.20,0.58,20.34,1001.63,18.69,2186.73,97.20,750,156,16,1,1,0,3,3,3,12.50,2.78
1/1/2000 Sat.,00:03:41,6.36,105.20,0.67,20.28,1001.63,18.86,2241.81,97.03,750,156,16,1,1,0,3,3,3,12.50,2.78
1/1/2000 Sat.,00:03:42,6.39,86.90,0.56,20.15,1001.65,18.96,2230.58,97.20,702,150,17,1,1,0,2,3,3,12.50,2.78
1/1/2000 Sat.,00:03:43,6.38,85.00,0.54,20.04,1001.63,19.04,2223.15,97.03,702,150,17,1,1,0,2,3,3,12.50,2.78
1/1/2000 Sat.,00:03:44,6.35,102.00,0.65,19.97,1001.63,19.01,2276.21,97.03,702,150,17,1,1,0,2,3,3,12.50,2.78
1/1/2000 Sat.,00:03:45,6.40,89.70,0.57,19.86,1001.61,18.98,2241.81,97.20,660,137,12,1,1,0,2,2,3,8.33,2.78
1/1/2000 Sat.,00:03:45,6.39,91.80,0.59,19.77,1001.63,19.08,2255.07,97.20,660,137,12,1,1,0,2,2,3,8.33,2.78
1/1/2000 Sat.,00:03:46,6.36,108.20,0.69,19.71,1001.63,19.15,2253.16,97.37,660,137,12,1,1,0,2,2,3,8.33,2.78
1/1/2000 Sat.,00:03:47,6.39,84.70,0.54,19.56,1001.61,19.27,2276.21,97.20,711,139,13,1,1,0,2,2,3,8.33,2.78
1/1/2000 Sat.,00:03:48,6.40,91.40,0.58,19.42,1001.65,19.35,2284.00,97.03,711,139,13,1,1,0,2,2,3,8.33,2.78
1/1/2000 Sat.,00:03:49,6.36,102.50,0.65,19.33,1001.63,19.47,2280.10,97.03,711,139,13,1,1,0,2,2,3,8.33,2.78
1/1/2000 Sat.,00:03:50,6.39,91.70,0.59,19.18,1001.63,19.55,2264.63,97.03,804,159,10,1,1,0,3,3,3,12.50,2.78
1/1/2000 Sat.,00:03:51,6.38,82.50,0.53,19.05,1001.63,19.76,2272.34,97.03,804,159,10,1,1,0,3,3,3,12.50,2.78
1/1/2000 Sat.,00:03:52,6.36,111.90,0.71,18.93,1001.67,20.08,2293.81,96.69,804,159,10,1,1,0,3,3,3,12.50,2.78
1/1/2000 Sat.,00:03:53,6.40,90.00,0.58,18.79,1001.67,19.95,2309.69,97.03,726,139,9,1,1,0,2,2,3,8.33,2.78
1/1/2000 Sat.,00:03:53,6.40,90.10,0.58,18.68,1001.67,19.98,2319.72,96.86,726,139,9,1,1,0,2,2,3,8.33,2.78
1/1/2000 Sat.,00:03:54,6.35,103.10,0.65,18.61,1001.65,20.21,2311.69,97.03,726,139,9,1,1,0,2,2,3,8.33,2.78
1/1/2000 Sat.,00:03:55,6.38,92.00,0.59,18.51,1001.65,20.34,2327.81,97.03,693,132,4,1,1,0,2,2,2,8.33,1.85
1/1/2000 Sat.,00:03:56,6.40,91.10,0.58,18.41,1001.65,20.44,2335.96,97.20,693,132,4,1,1,0,2,2,2,8.33,1.85
1/1/2000 Sat.,00:03:57,6.35,100.00,0.64,18.32,1001.65,20.46,2319.72,96.86,693,132,4,1,1,0,2,2,2,8.33,1.85
1/1/2000 Sat.,00:03:58,6.38,92.50,0.59,18.16,1001.65,20.57,2358.66,96.86,684,129,5,1,1,0,2,2,2,8.33,1.85
1/1/2000 Sat.,00:03:59,6.40,91.10,0.58,18.02,1001.67,20.42,2369.12,97.03,684,129,5,1,1,0,2,2,2,8.33,1.85
1/1/2000 Sat.,00:04:00,6.35,106.40,0.68,17.92,1001.69,20.58,2364.92,96.86,684,129,5,1,1,0,2,2,2,8.33,1.85
1/1/2000 Sat.,00:04:01,6.40,91.20,0.58,17.77,1001.67,20.74,2369.12,96.86,645,118,5,1,1,0,2,2,2,8.33,1.85
1/1/2000 Sat.,00:04:02,6.38,81.70,0.52,17.70,1001.63,20.98,2362.83,97.03,645,118,5,1,1,0,2,2,2,8.33,1.85
1/1/2000 Sat.,00:04:02,6.35,99.20,0.63,17.64,1001.67,21.06,2381.80,96.69,645,118,5,1,1,0,2,2,2,8.33,1.85
1/1/2000 Sat.,00:04:03,6.39,83.10,0.53,17.53,1001.69,21.09,2371.23,96.69,627,116,5,0,0,0,2,2,2,8.33,1.85
1/1/2000 Sat.,00:04:04,6.40,90.90,0.58,17.45,1001.71,21.25,2403.24,96.52,627,116,5,0,0,0,2,2,2,8.33,1.85
1/1/2000 Sat.,00:04:05,6.35,100.00,0.64,17.38,1001.71,21.46,2394.62,96.69,627,116,5,0,0,0,2,2,2,8.33,1.85
1/1/2000 Sat.,00:04:06,6.39,89.90,0.57,17.28,1001.83,22.47,2418.48,95.68,606,120,6,0,0,0,2,2,2,8.33,1.85
1/1/2000 Sat.,00:04:07,6.40,92.80,0.59,17.20,1001.79,21.60,2442.82,96.02,606,120,6,0,0,0,2,2,2,8.33,1.85
1/1/2000 Sat.,00:04:08,6.35,109.90,0.70,17.14,1001.75,21.58,2433.91,96.02,606,120,6,0,0,0,2,2,2,8.33,1.85
1/1/2000 Sat.,00:04:09,6.38,89.60,0.57,17.06,1001.87,22.58,2447.30,95.52,594,118,6,0,0,0,2,2,2,8.33,1.85
1/1/2000 Sat.,00:04:09,6.39,77.90,0.50,16.99,1001.85,21.90,2438.36,95.52,594,118,6,0,0,0,2,2,2,8.33,1.85
1/1/2000 Sat.,00:04:10,6.35,103.10,0.65,16.94,1001.79,21.93,2449.54,96.02,594,118,6,0,0,0,2,2,2,8.33,1.85
1/1/2000 Sat.,00:04:11,6.39,91.10,0.58,16.84,1001.75,21.77,2447.30,96.36,675,135,16,1,0,0,2,3,3,12.50,2.78
1/1/2000 Sat.,00:04:12,6.38,86.80,0.55,16.81,1001.69,21.84,2469.93,96.52,675,135,16,1,0,0,2,3,3,12.50,2.78
1/1/2000 Sat.,00:04:13,6.35,111.00,0.70,16.82,1001.69,21.97,2458.56,96.69,675,135,16,1,0,0,2,3,3,12.50,2.78
1/1/2000 Sat.,00:04:14,6.39,90.90,0.58,16.78,1001.69,22.21,2460.83,96.86,657,138,16,1,0,0,2,3,3,12.50,2.78
1/1/2000 Sat.,00:04:15,6.39,94.40,0.60,16.79,1001.67,22.37,2469.93,97.03,657,138,16,1,0,0,2,3,3,12.50,2.78
1/1/2000 Sat.,00:04:15,6.34,110.80,0.70,16.80,1001.65,22.40,2479.11,97.20,657,138,16,1,0,0,2,3,3,12.50,2.78
1/1/2000 Sat.,00:04:16,6.38,82.00,0.52,16.77,1001.61,22.46,2467.65,97.03,642,129,16,1,0,0,2,3,3,12.50,2.78
1/1/2000 Sat.,00:04:17,6.39,93.20,0.60,16.78,1001.65,22.54,2483.72,97.20,642,129,16,1,0,0,2,3,3,12.50,2.78
1/1/2000 Sat.,00:04:18,6.34,109.80,0.70,16.78,1001.59,22.64,2495.33,97.20,642,129,16,1,0,0,2,3,3,12.50,2.78
1/1/2000 Sat.,00:04:19,6.38,93.90,0.60,16.70,1001.61,22.66,2472.22,97.20,702,138,16,1,0,0,2,3,3,12.50,2.78
1/1/2000 Sat.,00:04:20,6.38,93.00,0.59,16.66,1001.61,22.69,2483.72,97.20,702,138,16,1,0,0,2,3,3,12.50,2.78
1/1/2000 Sat.,00:04:21,6.36,112.20,0.71,16.61,1001.61,22.71,2474.51,97.53,702,138,16,1,0,0,2,3,3,12.50,2.78
1/1/2000 Sat.,00:04:22,6.38,80.90,0.52,16.49,1001.63,22.73,2495.33,97.37,723,132,16,1,0,0,2,3,3,12.50,2.78
1/1/2000 Sat.,00:04:22,6.39,93.90,0.60,16.44,1001.61,22.79,2504.69,97.37,723,132,16,1,0,0,2,3,3,12.50,2.78
1/1/2000 Sat.,00:04:23,6.34,110.80,0.70,16.38,1001.59,22.84,2509.40,97.53,723,132,16,1,0,0,2,3,3,12.50,2.78
1/1/2000 Sat.,00:04:24,6.39,92.70,0.59,16.27,1001.57,22.86,2495.33,97.70,723,133,15,1,0,0,2,3,3,12.50,2.78
1/1/2000 Sat.,00:04:25,6.39,92.10,0.59,16.20,1001.59,22.94,2502.34,97.70,723,133,15,1,0,0,2,3,3,12.50,2.78
1/1/2000 Sat.,00:04:26,6.34,107.70,0.68,16.17,1001.59,22.96,2521.25,97.70,723,133,15,1,0,0,2,3,3,12.50,2.78
1/1/2000 Sat.,00:04:27,6.38,92.00,0.59,16.12,1001.55,22.95,2509.40,98.04,762,144,17,2,0,0,2,3,3,12.50,2.78
1/1/2000 Sat.,00:04:28,6.37,94.50,0.60,16.11,1001.55,22.94,2511.76,98.04,762,144,17,2,0,0,2,3,3,12.50,2.78
1/1/2000 Sat.,00:04:28,6.36,112.50,0.72,16.10,1001.55,22.97,2540.44,97.87,762,144,17,2,0,0,2,3,3,12.50,2.78
1/1/2000 Sat.,00:04:29,6.37,91.40,0.58,16.05,1001.57,22.97,2538.02,97.70,786,147,21,2,0,0,2,3,3,12.50,2.78
1/1/2000 Sat.,00:04:30,6.38,83.40,0.53,16.04,1001.55,22.97,2497.66,97.87,786,147,21,2,0,0,2,3,3,12.50,2.78
1/1/2000 Sat.,00:04:31,6.34,111.80,0.71,16.05,1001.55,23.03,2521.25,97.87,786,147,21,2,0,0,2,3,3,12.50,2.78
1/1/2000 Sat.,00:04:32,6.38,91.80,0.59,16.01,1001.57,23.03,2518.87,98.04,753,139,21,2,0,0,2,3,3,12.50,2.78
1/1/2000 Sat.,00:04:33,6.38,93.10,0.59,15.98,1001.55,23.05,2514.12,97.87,753,139,21,2,0,0,2,3,3,12.50,2.78
1/1/2000 Sat.,00:04:34,6.34,103.50,0.66,15.96,1001.53,23.07,2530.81,97.70,753,139,21,2,0,0,2,3,3,12.50,2.78
1/1/2000 Sat.,00:04:34,6.37,93.30,0.59,15.91,1001.55,23.09,2526.02,98.04,858,159,21,2,0,0,2,4,4,16.67,3.70
1/1/2000 Sat.,00:04:35,6.38,94.00,0.60,15.90,1001.53,23.10,2559.92,98.04,858,159,21,2,0,0,2,4,4,16.67,3.70
1/1/2000 Sat.,00:04:36,6.34,109.00,0.69,15.90,1001.53,23.14,2545.28,97.87,858,159,21,2,0,0,2,4,4,16.67,3.70
1/1/2000 Sat.,00:04:37,6.37,85.60,0.55,15.86,1001.55,23.15,2545.28,98.04,765,137,12,1,0,0,2,2,2,8.33,1.85
1/1/2000 Sat.,00:04:38,6.38,83.10,0.53,15.84,1001.53,23.19,2526.02,98.04,765,137,12,1,0,0,2,2,2,8.33,1.85
1/1/2000 Sat.,00:04:39,6.34,112.30,0.71,15.84,1001.55,23.21,2552.58,98.04,765,137,12,1,0,0,2,2,2,8.33,1.85
1/1/2000 Sat.,00:04:40,6.37,91.90,0.59,15.79,1001.51,23.25,2555.02,98.37,771,139,11,1,0,0,2,2,2,8.33,1.85
1/1/2000 Sat.,00:04:40,6.38,91.70,0.59,15.79,1001.51,23.32,2550.14,97.87,771,139,11,1,0,0,2,2,2,8.33,1.85
1/1/2000 Sat.,00:04:41,6.34,104.90,0.66,15.78,1001.51,23.38,2559.92,98.21,771,139,11,1,0,0,2,2,2,8.33,1.85
1/1/2000 Sat.,00:04:42,6.38,94.10,0.60,15.72,1001.53,23.41,2564.84,98.21,744,143,14,1,0,0,2,3,3,12.50,2.78
1/1/2000 Sat.,00:04:43,6.37,83.40,0.53,15.71,1001.51,23.47,2552.58,98.04,744,143,14,1,0,0,2,3,3,12.50,2.78
1/1/2000 Sat.,00:04:44,6.34,107.90,0.68,15.71,1001.53,23.57,2555.02,98.04,744,143,14,1,0,0,2,3,3,12.50,2.78
1/1/2000 Sat.,00:04:45,6.37,85.70,0.55,15.67,1001.53,23.67,2564.84,98.04,705,141,14,1,0,0,2,3,3,12.50,2.78
1/1/2000 Sat.,00:04:46,6.37,93.50,0.60,15.66,1001.55,23.75,2540.44,98.04,705,141,14,1,0,0,2,3,3,12.50,2.78
1/1/2000 Sat.,00:04:47,6.33,109.80,0.70,15.67,1001.53,23.80,2577.22,98.04,705,141,14,1,0,0,2,3,3,12.50,2.78
1/1/2000 Sat.,00:04:47,6.37,85.50,0.54,15.63,1001.49,23.94,2584.70,98.21,690,139,15,1,0,0,2,3,3,12.50,2.78
1/1/2000 Sat.,00:04:48,6.38,93.30,0.59,15.63,1001.49,24.00,2582.20,98.37,690,139,15,1,0,0,2,3,3,12.50,2.78
1/1/2000 Sat.,00:04:49,6.34,102.90,0.65,15.65,1001.49,23.94,2582.20,98.37,690,139,15,1,0,0,2,3,3,12.50,2.78
1/1/2000 Sat.,00:04:50,6.37,93.50,0.60,15.63,1001.49,23.96,2577.22,98.37,705,143,18,1,0,0,2,3,3,12.50,2.78
1/1/2000 Sat.,00:04:51,6.37,86.90,0.55,15.63,1001.49,24.00,2584.70,98.04,705,143,18,1,0,0,2,3,3,12.50,2.78
1/1/2000 Sat.,00:04:52,6.34,111.20,0.71,15.64,1001.49,24.04,2587.21,98.04,705,143,18,1,0,0,2,3,3,12.50,2.78
1/1/2000 Sat.,00:04:53,6.36,93.20,0.59,15.60,1001.53,24.11,2569.78,98.04,711,146,16,0,0,0,2,3,3,12.50,2.78
1/1/2000 Sat.,00:04:53,6.38,92.80,0.59,15.60,1001.51,24.17,2562.38,98.21,711,146,16,0,0,0,2,3,3,12.50,2.78
1/1/2000 Sat.,00:04:54,6.34,108.30,0.69,15.62,1001.51,24.11,2552.58,97.87,711,146,16,0,0,0,2,3,3,12.50,2.78
1/1/2000 Sat.,00:04:55,6.37,92.80,0.59,15.58,1001.51,24.12,2555.02,98.21,741,156,11,0,0,0,2,3,3,12.50,2.78
1/1/2000 Sat.,00:04:56,6.38,93.50,0.60,15.59,1001.51,24.24,2579.71,98.37,741,156,11,0,0,0,2,3,3,12.50,2.78
1/1/2000 Sat.,00:04:57,6.34,111.30,0.71,15.58,1001.49,24.37,2579.71,98.37,741,156,11,0,0,0,2,3,3,12.50,2.78
1/1/2000 Sat.,00:04:58,6.37,86.50,0.55,15.54,1001.49,24.29,2559.92,98.37,756,162,10,0,0,0,3,3,3,12.50,2.78
1/1/2000 Sat.,00:04:59,6.38,93.00,0.59,15.53,1001.49,24.31,2552.58,98.21,756,162,10,0,0,0,3,3,3,12.50,2.78
1/1/2000 Sat.,00:05:00,6.33,108.20,0.69,15.53,1001.51,24.35,2555.02,98.37,756,162,10,0,0,0,3,3,3,12.50,2.78
1/1/2000 Sat.,00:05:01,6.38,93.30,0.60,15.50,1001.49,24.39,2555.02,98.37,696,153,14,0,0,0,2,3,3,12.50,2.78
1/1/2000 Sat.,00:05:01,6.37,87.30,0.56,15.52,1001.49,24.46,2547.71,98.37,696,153,14,0,0,0,2,3,3,12.50,2.78
1/1/2000 Sat.,00:05:02,6.33,105.10,0.67,15.57,1001.49,24.51,2555.02,98.37,696,153,14,0,0,0,2,3,3,12.50,2.78
1/1/2000 Sat.,00:05:03,6.34,112.50,0.71,15.57,1001.49,24.59,2436.13,98.37,4020,1178,450,82,23,14,23,52,73,141.63,59.91
1/1/2000 Sat.,00:05:04,6.33,104.20,0.66,15.59,1001.49,24.80,2313.69,98.21,8205,2454,1084,253,59,34,37,107,145,177.59,95.55
1/1/2000 Sat.,00:05:05,6.34,110.20,0.70,15.64,1001.46,25.20,2193.92,98.37,12411,3756,1693,380,89,48,50,165,223,215.37,134.66
1/1/2000 Sat.,00:05:06,6.36,81.70,0.52,15.70,1001.48,25.82,2115.69,98.46,16608,5034,2236,525,138,68,69,218,306,267.89,176.24
1/1/2000 Sat.,00:05:07,6.36,87.00,0.55,15.79,1001.46,26.55,2033.51,98.63,21693,6655,3060,749,212,93,91,294,422,344.11,297.13
1/1/2000 Sat.,00:05:08,6.36,91.70,0.58,15.90,1001.48,27.36,1943.23,98.37,26862,8307,3879,965,266,113,114,372,533,415.20,429.00
1/1/2000 Sat.,00:05:09,6.36,94.90,0.60,15.99,1001.46,28.24,1849.03,98.46,32112,9974,4678,1183,326,147,136,454,651,469.36,-1.00
1/1/2000 Sat.,00:05:09,6.36,81.70,0.52,16.06,1001.46,29.16,1811.40,98.63,37533,11695,5527,1398,378,170,160,538,766,-1.00,-1.00
1/1/2000 Sat.,00:05:10,6.38,94.30,0.60,16.11,1001.46,30.08,1772.91,98.46,42822,13369,6394,1656,441,202,181,623,891,-1.00,-1.00
1/1/2000 Sat.,00:05:11,6.36,89.60,0.57,16.19,1001.48,30.98,1712.64,98.46,48450,15151,7349,1863,482,227,205,712,1006,-1.00,-1.00
1/1/2000 Sat.,00:05:12,6.38,93.90,0.60,16.25,1001.46,31.89,1690.94,98.37,50535,15812,7759,2018,526,247,214,751,1074,-1.00,-1.00
1/1/2000 Sat.,00:05:13,6.34,110.70,0.70,16.28,1001.46,32.71,1678.19,98.63,51471,16108,7863,2036,561,247,220,765,1106,-1.00,-1.00
1/1/2000 Sat.,00:05:14,6.36,90.60,0.58,16.29,1001.44,33.50,1645.10,98.63,51891,16210,7827,2047,560,249,223,767,1108,-1.00,-1.00
1/1/2000 Sat.,00:05:14,6.37,94.80,0.60,16.33,1001.46,34.25,1597.85,98.63,51891,16210,7827,2047,560,249,223,767,1108,-1.00,-1.00
1/1/2000 Sat.,00:05:15,6.36,85.50,0.54,16.38,1001.46,35.04,1556.85,98.79,51891,16210,7827,2047,560,249,223,767,1108,-1.00,-1.00
1/1/2000 Sat.,00:05:16,6.37,94.50,0.60,16.46,1001.48,35.86,1518.77,98.37,52683,16449,7923,2049,560,250,222,767,1102,-1.00,-1.00
1/1/2000 Sat.,00:05:17,6.36,94.30,0.60,16.52,1001.48,36.75,1498.32,98.46,52683,16449,7923,2049,560,250,222,767,1102,-1.00,-1.00
1/1/2000 Sat.,00:05:18,6.33,115.20,0.73,16.57,1001.49,37.69,1470.26,98.37,52683,16449,7923,2049,560,250,222,767,1102,-1.00,-1.00
1/1/2000 Sat.,00:05:19,6.34,114.00,0.72,16.60,1001.44,38.67,1441.69,98.46,51780,16079,7550,1916,502,234,220,745,1054,-1.00,-1.00
1/1/2000 Sat.,00:05:20,6.33,113.50,0.72,16.67,1001.48,39.62,1418.70,98.63,51063,15773,7198,1798,462,221,218,717,1005,-1.00,-1.00
1/1/2000 Sat.,00:05:21,6.34,114.30,0.72,16.75,1001.46,40.57,1380.56,98.37,50292,15477,6950,1709,436,203,215,691,967,-1.00,-1.00
1/1/2000 Sat.,00:05:22,6.36,96.70,0.62,16.81,1001.49,41.48,1355.33,98.37,49326,15138,6744,1672,424,198,211,673,940,-1.00,-1.00
1/1/2000 Sat.,00:05:22,6.35,91.90,0.58,16.88,1001.49,42.36,1339.02,98.63,48927,14964,6531,1583,410,186,211,651,909,-1.00,-1.00
1/1/2000 Sat.,00:05:23,6.32,110.30,0.70,16.97,1001.49,43.19,1315.27,98.37,48243,14654,6185,1494,399,171,209,622,871,-1.00,-1.00
1/1/2000 Sat.,00:05:24,6.32,106.00,0.67,17.00,1001.48,44.03,1298.64,98.46,47067,14252,5793,1349,352,147,207,589,806,-1.00,-1.00
1/1/2000 Sat.,00:05:25,6.32,112.90,0.71,17.02,1001.48,44.81,1287.37,98.46,46065,13914,5416,1231,297,134,206,562,752,-1.00,-1.00
1/1/2000 Sat.,00:05:26,6.32,95.10,0.60,17.05,1001.48,45.57,1269.01,98.21,45645,13739,5308,1213,309,145,203,550,744,-1.00,-1.00
1/1/2000 Sat.,00:05:27,6.32,108.90,0.69,17.11,1001.53,46.28,1257.06,98.37,45339,13652,5172,1160,289,140,204,537,723,-1.00,-1.00
1/1/2000 Sat.,00:05:28,6.32,108.70,0.69,17.17,1001.51,46.95,1246.50,98.37,45690,13698,5164,1154,285,136,206,538,720,-1.00,-1.00
1/1/2000 Sat.,00:05:29,6.32,114.30,0.72,17.23,1001.49,47.62,1227.02,98.21,45522,13590,5086,1112,289,139,206,527,710,-1.00,-1.00
1/1/2000 Sat.,00:05:30,6.37,96.40,0.61,17.24,1001.48,48.28,1212.53,98.21,44625,13275,4911,1070,275,130,201,515,684,-1.00,-1.00
1/1/2000 Sat.,00:05:31,6.37,95.80,0.61,17.31,1001.51,48.92,1207.05,98.37,44625,13275,4911,1070,275,130,201,515,684,-1.00,-1.00
1/1/2000 Sat.,00:05:31,6.32,105.40,0.67,17.41,1001.51,49.57,1188.78,98.21,44625,13275,4911,1070,275,130,201,515,684,-1.00,-1.00
1/1/2000 Sat.,00:05:32,6.35,86.90,0.55,17.46,1001.53,50.22,1172.08,98.37,44028,13014,4689,983,256,119,198,495,652,496.43,-1.00
1/1/2000 Sat.,00:05:33,6.35,95.60,0.61,17.53,1001.49,50.85,1175.18,98.21,44028,13014,4689,983,256,119,198,495,652,496.43,-1.00
1/1/2000 Sat.,00:05:34,6.32,99.20,0.63,17.60,1001.51,51.43,1155.84,98.21,44028,13014,4689,983,256,119,197,491,647,493.79,-1.00
1/1/2000 Sat.,00:05:35,6.32,100.80,0.64,17.66,1001.49,51.95,1149.87,98.37,43329,12776,4547,939,236,106,194,480,623,486.53,-1.00
1/1/2000 Sat.,00:05:36,6.34,109.20,0.69,17.67,1001.51,52.50,1132.32,98.21,41874,12331,4290,903,238,108,188,458,599,472.00,495.00
1/1/2000 Sat.,00:05:37,6.33,102.50,0.65,17.67,1001.51,53.01,1132.32,98.46,41043,12068,4236,909,248,110,184,451,600,467.37,496.00
1/1/2000 Sat.,00:05:38,6.34,98.20,0.62,17.68,1001.51,53.50,1124.68,98.46,40638,11892,4254,940,272,113,179,447,609,464.73,-1.00
1/1/2000 Sat.,00:05:39,6.32,97.30,0.62,17.71,1001.49,53.96,1111.57,98.37,40347,11791,4208,914,260,98,179,443,596,462.09,492.00
1/1/2000 Sat.,00:05:40,6.33,109.10,0.69,17.75,1001.49,54.39,1106.05,98.37,39330,11415,4033,885,245,85,172,430,571,453.51,467.00
1/1/2000 Sat.,00:05:41,6.34,108.30,0.69,17.80,1001.49,54.82,1092.47,98.46,38088,11087,3913,874,256,89,167,417,563,444.92,459.00
1/1/2000 Sat.,00:05:42,6.34,109.60,0.69,17.84,1001.51,55.23,1087.13,98.21,37398,10859,3865,898,270,93,162,411,566,440.96,462.00
1/1/2000 Sat.,00:05:43,6.33,100.60,0.64,17.89,1001.49,55.61,1075.75,98.21,37113,10742,3821,896,273,96,162,403,562,435.67,458.00
1/1/2000 Sat.,00:05:44,6.34,108.30,0.69,17.94,1001.49,55.91,1075.75,98.37,35604,10286,3589,839,266,96,154,379,534,419.82,430.00
1/1/2000 Sat.,00:05:45,6.34,104.50,0.66,18.00,1001.49,56.20,1068.85,98.46,35073,10058,3403,797,266,99,152,361,517,407.93,413.00
1/1/2000 Sat.,00:05:46,6.33,79.50,0.50,18.06,1001.48,56.48,1058.68,98.37,35112,10067,3416,802,254,99,153,364,518,409.92,414.00
1/1/2000 Sat.,00:05:46,6.33,101.40,0.64,18.16,1001.48,56.77,1055.34,98.21,36321,10457,3545,809,254,94,160,377,529,418.50,425.00
1/1/2000 Sat.,00:05:47,6.36,80.60,0.51,18.24,1001.48,57.05,1044.60,98.37,36744,10657,3612,818,228,91,165,388,529,425.77,425.00
1/1/2000 Sat.,00:05:48,6.32,97.80,0.62,18.31,1001.51,57.31,1051.18,98.21,36744,10657,3612,818,228,91,164,387,528,425.11,424.00
1/1/2000 Sat.,00:05:49,6.36,82.70,0.53,18.38,1001.49,57.59,1038.91,98.04,37242,10858,3673,835,222,89,167,397,534,431.71,430.00
1/1/2000 Sat.,00:05:50,6.37,91.60,0.58,18.44,1001.53,57.79,1035.69,98.04,37242,10858,3673,835,222,89,167,397,534,431.71,430.00
1/1/2000 Sat.,00:05:51,6.37,90.20,0.57,18.50,1001.55,57.99,1038.91,98.04,37242,10858,3673,835,222,89,167,397,534,431.71,430.00
1/1/2000 Sat.,00:05:52,6.36,81.30,0.52,18.58,1001.57,58.14,1038.91,97.70,38592,11347,3972,890,238,96,172,419,565,446.24,461.00
1/1/2000 Sat.,00:05:53,6.36,91.00,0.58,18.65,1001.57,58.22,1032.48,97.53,38592,11347,3972,890,238,96,172,419,565,446.24,461.00
1/1/2000 Sat.,00:05:54,6.36,87.30,0.55,18.70,1001.59,58.23,1038.91,97.37,38592,11347,3972,890,238,96,172,419,565,446.24,461.00
1/1/2000 Sat.,00:05:54,6.36,86.30,0.55,18.78,1001.61,58.24,1037.30,97.53,40659,11990,4339,983,264,103,181,452,614,468.03,-1.00
1/1/2000 Sat.,00:05:55,6.36,81.20,0.52,18.84,1001.59,58.18,1035.69,97.70,40659,11990,4339,983,264,103,181,452,614,468.03,-1.00
1/1/2000 Sat.,00:05:56,6.35,88.70,0.56,18.88,1001.57,58.11,1037.30,97.53,40659,11990,4339,983,264,103,181,452,614,468.03,-1.00
1/1/2000 Sat.,00:05:57,6.37,90.60,0.58,18.94,1001.57,58.04,1038.10,97.70,42069,12557,4696,1094,284,99,188,487,658,491.15,-1.00
1/1/2000 Sat.,00:05:58,6.36,87.80,0.56,18.98,1001.57,57.96,1035.69,97.53,42069,12557,4696,1094,284,99,189,488,659,491.81,-1.00
1/1/2000 Sat.,00:05:59,6.36,90.00,0.57,19.01,1001.61,57.85,1040.53,97.03,42069,12557,4696,1094,284,99,189,488,659,491.81,-1.00
1/1/2000 Sat.,00:06:00,6.32,101.60,0.64,19.04,1001.61,57.70,1062.05,97.03,43638,13119,4971,1158,319,125,196,510,704,-1.00,-1.00
1/1/2000 Sat.,00:06:01,6.32,101.90,0.64,18.97,1001.65,57.36,1089.80,97.03,44601,13398,5079,1176,323,128,201,520,715,-1.00,-1.00
1/1/2000 Sat.,00:06:01,6.32,111.50,0.71,18.93,1001.67,56.76,1119.97,97.20,44082,13246,4962,1125,301,123,198,510,695,-1.00,-1.00
1/1/2000 Sat.,00:06:02,6.32,98.90,0.62,18.90,1001.63,55.92,1149.87,97.03,41904,12573,4694,1063,286,114,187,483,658,488.51,-1.00
1/1/2000 Sat.,00:06:03,6.32,110.60,0.70,18.88,1001.63,54.97,1190.90,96.86,37944,11324,4194,965,256,107,170,438,599,458.79,495.00
1/1/2000 Sat.,00:06:04,6.32,99.70,0.63,18.84,1001.65,53.82,1219.18,97.20,34392,10210,3777,861,242,100,152,393,541,429.07,437.00
1/1/2000 Sat.,00:06:05,6.32,101.50,0.64,18.81,1001.67,52.64,1253.52,97.03,30426,8957,3304,751,219,90,134,340,476,389.69,364.91
1/1/2000 Sat.,00:06:06,6.32,99.70,0.63,18.79,1001.67,51.44,1287.37,97.03,25680,7485,2689,632,189,80,111,278,393,328.25,255.52
1/1/2000 Sat.,00:06:07,6.32,97.80,0.62,18.77,1001.67,50.26,1312.68,97.03,20616,5945,2008,466,140,64,88,211,298,260.95,172.28
1/1/2000 Sat.,00:06:08,6.32,109.60,0.69,18.76,1001.67,49.16,1336.34,97.03,15876,4452,1321,278,89,54,67,143,203,196.18,124.76
1/1/2000 Sat.,00:06:09,6.32,107.80,0.68,18.74,1001.67,48.09,1362.25,96.86,11136,2991,729,132,31,18,46,87,111,167.26,78.72
1/1/2000 Sat.,00:06:10,6.32,110.70,0.70,18.72,1001.65,47.08,1383.42,96.86,8010,2109,450,81,13,8,37,63,84,154.87,65.35
1/1/2000 Sat.,00:06:11,6.36,86.70,0.55,18.70,1001.65,46.10,1414.19,96.86,4986,1263,253,52,6,3,27,45,60,124.39,53.47
1/1/2000 Sat.,00:06:12,6.36,79.10,0.50,18.72,1001.65,45.23,1433.94,96.86,4986,1263,253,52,6,3,27,45,60,124.39,53.47
1/1/2000 Sat.,00:06:13,6.32,101.30,0.64,18.75,1001.69,44.39,1459.02,96.86,4986,1263,253,52,6,3,27,45,60,124.39,53.47
1/1/2000 Sat.,00:06:14,6.36,90.30,0.57,18.73,1001.69,43.47,1491.62,96.86,3795,933,156,27,1,0,22,35,40,99.16,37.04
1/1/2000 Sat.,00:06:15,6.36,77.70,0.49,18.73,1001.69,42.68,1501.69,96.86,3795,933,156,27,1,0,22,35,40,99.16,37.04
1/1/2000 Sat.,00:06:15,6.32,97.30,0.61,18.74,1001.67,41.90,1509.33,96.86,3795,933,156,27,1,0,22,35,40,99.16,37.04
1/1/2000 Sat.,00:06:16,6.36,79.60,0.51,18.69,1001.65,41.04,1544.25,97.03,3171,778,126,20,1,0,17,27,32,82.33,29.63
1/1/2000 Sat.,00:06:17,6.35,90.80,0.58,18.70,1001.63,40.36,1558.67,97.03,3171,778,126,20,1,0,17,27,32,82.33,29.63
1/1/2000 Sat.,00:06:18,6.32,101.50,0.64,18.73,1001.69,39.68,1571.51,97.03,3171,778,126,20,1,0,17,27,32,82.33,29.63
1/1/2000 Sat.,00:06:19,6.37,91.30,0.58,18.70,1001.63,38.94,1594.98,97.37,2658,654,97,13,1,0,14,21,26,69.72,24.07
1/1/2000 Sat.,00:06:20,6.36,90.00,0.57,18.71,1001.65,38.34,1610.37,97.03,2658,654,97,13,1,0,14,21,26,69.72,24.07
1/1/2000 Sat.,00:06:21,6.31,111.30,0.70,18.73,1001.63,37.81,1623.10,97.03,2658,654,97,13,1,0,14,21,26,69.72,24.07
1/1/2000 Sat.,00:06:22,6.35,82.10,0.52,18.69,1001.63,37.28,1634.03,97.20,2205,569,87,12,1,0,12,18,22,63.41,20.37
1/1/2000 Sat.,00:06:22,6.36,91.90,0.58,18.68,1001.63,36.86,1661.48,97.20,2205,569,87,12,1,0,12,18,22,63.41,20.37
1/1/2000 Sat.,00:06:23,6.32,111.00,0.70,18.68,1001.65,36.45,1671.89,97.20,2205,569,87,12,1,0,12,18,22,63.41,20.37
1/1/2000 Sat.,00:06:24,6.35,80.60,0.51,18.62,1001.63,35.98,1698.47,97.20,1995,516,75,11,1,0,11,17,20,61.30,18.52
1/1/2000 Sat.,00:06:25,6.35,88.00,0.56,18.61,1001.63,35.61,1714.84,97.37,1995,516,75,11,1,0,11,17,20,61.30,18.52
1/1/2000 Sat.,00:06:26,6.31,112.10,0.71,18.59,1001.61,35.23,1732.64,97.20,1995,516,75,11,1,0,11,17,20,61.30,18.52
1/1/2000 Sat.,00:06:27,6.35,93.90,0.60,18.53,1001.61,34.80,1750.82,97.37,1755,457,70,10,1,0,10,15,17,57.10,15.74
1/1/2000 Sat.,00:06:28,6.35,94.00,0.60,18.52,1001.65,34.36,1750.82,97.20,1755,457,70,10,1,0,10,15,17,57.10,15.74
1/1/2000 Sat.,00:06:28,6.31,113.10,0.71,18.48,1001.65,34.02,1753.12,97.03,1755,457,70,10,1,0,10,15,17,57.10,15.74
1/1/2000 Sat.,00:06:29,6.36,95.80,0.61,18.41,1001.63,33.76,1771.73,97.03,1506,380,61,8,0,0,7,12,13,50.00,12.04
1/1/2000 Sat.,00:06:30,6.36,95.30,0.61,18.40,1001.61,33.61,1768.21,97.03,1506,380,61,8,0,0,7,12,13,50.00,12.04
1/1/2000 Sat.,00:06:31,6.32,111.90,0.71,18.42,1001.63,33.43,1790.74,97.03,1506,380,61,8,0,0,7,12,13,50.00,12.04
1/1/2000 Sat.,00:06:32,6.35,96.80,0.61,18.39,1001.63,33.20,1801.62,97.20,1368,335,48,5,0,0,6,10,11,41.67,10.19
1/1/2000 Sat.,00:06:33,6.35,95.30,0.61,18.39,1001.63,32.95,1815.09,97.20,1368,335,48,5,0,0,6,10,11,41.67,10.19
1/1/2000 Sat.,00:06:34,6.31,112.90,0.71,18.39,1001.63,32.71,1830.02,96.86,1368,335,48,5,0,0,6,10,11,41.67,10.19
1/1/2000 Sat.,00:06:34,6.34,87.50,0.55,18.35,1001.63,32.41,1852.88,97.20,1188,273,35,5,0,0,5,8,8,33.33,7.41
1/1/2000 Sat.,00:06:35,6.36,94.70,0.60,18.34,1001.63,32.14,1868.44,97.20,1188,273,35,5,0,0,5,8,8,33.33,7.41
1/1/2000 Sat.,00:06:36,6.31,113.30,0.71,18.34,1001.61,31.86,1881.61,97.20,1188,273,35,5,0,0,5,8,8,33.33,7.41
1/1/2000 Sat.,00:06:37,6.34,82.70,0.52,18.30,1001.63,31.58,1892.28,97.37,1062,230,24,2,0,0,5,6,6,25.00,5.56
1/1/2000 Sat.,00:06:38,6.36,90.10,0.57,18.29,1001.65,31.35,1908.51,97.20,1062,230,24,2,0,0,5,6,6,25.00,5.56
1/1/2000 Sat.,00:06:39,6.31,99.60,0.63,18.29,1001.65,31.12,1918.10,97.03,1062,230,24,2,0,0,5,6,6,25.00,5.56
1/1/2000 Sat.,00:06:40,6.34,90.30,0.57,18.24,1001.63,30.89,1922.25,97.03,897,194,22,2,0,0,3,5,5,20.83,4.63
1/1/2000 Sat.,00:06:41,6.34,82.90,0.53,18.23,1001.63,30.68,1950.33,97.20,897,194,22,2,0,0,3,5,5,20.83,4.63
1/1/2000 Sat.,00:06:41,6.31,104.50,0.66,18.24,1001.63,30.48,1957.48,96.86,897,194,22,2,0,0,3,5,5,20.83,4.63
1/1/2000 Sat.,00:06:42,6.35,93.70,0.59,18.19,1001.65,30.27,1967.58,97.20,897,203,25,2,0,0,3,6,6,25.00,5.56
1/1/2000 Sat.,00:06:43,6.36,93.50,0.59,18.17,1001.65,30.09,1994.03,97.03,897,203,25,2,0,0,3,6,6,25.00,5.56
1/1/2000 Sat.,00:06:44,6.31,111.00,0.70,18.15,1001.65,29.91,2000.00,97.03,897,203,25,2,0,0,3,6,6,25.00,5.56
1/1/2000 Sat.,00:06:45,6.36,93.30,0.59,18.10,1001.67,29.70,2015.09,97.03,825,181,26,2,0,0,3,5,5,20.83,4.63
1/1/2000 Sat.,00:06:46,6.35,94.30,0.60,18.08,1001.61,29.55,2004.51,97.03,825,181,26,2,0,0,3,5,5,20.83,4.63
1/1/2000 Sat.,00:06:47,6.31,110.80,0.70,18.09,1001.61,29.38,2039.72,97.03,825,181,26,2,0,0,3,5,5,20.83,4.63
1/1/2000 Sat.,00:06:47,6.35,90.70,0.58,18.05,1001.65,29.20,2052.27,97.20,819,181,26,2,0,0,3,5,5,20.83,4.63
1/1/2000 Sat.,00:06:48,6.34,84.10,0.53,18.05,1001.61,29.05,2074.59,97.20,819,181,26,2,0,0,3,5,5,20.83,4.63
1/1/2000 Sat.,00:06:49,6.32,111.00,0.70,18.05,1001.63,28.90,2058.60,97.37,819,181,26,2,0,0,3,5,5,20.83,4.63
1/1/2000 Sat.,00:06:50,6.34,91.40,0.58,18.00,1001.63,28.70,2085.94,97.20,771,165,27,3,0,0,3,5,5,20.83,4.63
1/1/2000 Sat.,00:06:51,6.35,90.20,0.57,17.99,1001.63,28.55,2097.41,97.20,771,165,27,3,0,0,3,5,5,20.83,4.63
1/1/2000 Sat.,00:06:52,6.31,101.50,0.64,17.99,1001.63,28.39,2092.48,97.37,771,165,27,3,0,0,3,5,5,20.83,4.63
1/1/2000 Sat.,00:06:53,6.34,89.70,0.57,17.92,1001.65,28.21,2107.34,97.37,753,162,25,3,0,0,3,5,5,20.83,4.63
1/1/2000 Sat.,00:06:53,6.34,89.90,0.57,17.90,1001.63,28.08,2104.02,97.20,753,162,25,3,0,0,3,5,5,20.83,4.63
1/1/2000 Sat.,00:06:54,6.32,106.20,0.67,17.90,1001.63,27.99,2112.34,97.20,753,162,25,3,0,0,3,5,5,20.83,4.63
1/1/2000 Sat.,00:06:55,6.30,104.60,0.66,17.86,1001.63,27.82,2130.89,97.20,951,219,41,7,1,1,5,7,8,29.17,7.41
1/1/2000 Sat.,00:06:56,6.30,100.70,0.63,17.81,1001.63,27.83,2119.05,97.20,1302,319,56,14,2,2,7,11,14,45.83,12.96
1/1/2000 Sat.,00:06:57,6.32,110.80,0.70,17.76,1001.59,27.76,2104.02,97.37,1455,359,69,18,3,3,7,12,17,50.00,15.74
1/1/2000 Sat.,00:06:58,6.32,107.00,0.68,17.74,1001.59,27.69,2124.10,97.20,1614,415,84,23,6,4,8,15,23,57.10,21.30
1/1/2000 Sat.,00:06:59,6.31,102.40,0.65,17.72,1001.59,27.69,2122.42,97.53,1938,510,101,28,7,4,11,19,29,65.51,26.85
1/1/2000 Sat.,00:07:00,6.31,108.20,0.68,17.71,1001.61,27.69,2114.01,97.37,2097,556,118,29,7,4,12,20,30,67.61,27.78
1/1/2000 Sat.,00:07:01,6.31,95.10,0.60,17.72,1001.63,27.68,2120.73,96.86,2295,611,147,34,7,4,13,24,35,76.03,32.41
1/1/2000 Sat.,00:07:02,6.30,114.10,0.72,17.73,1001.65,27.73,2090.84,97.03,3630,999,338,77,19,7,21,45,66,124.39,56.44
1/1/2000 Sat.,00:07:03,6.31,109.70,0.69,17.75,1001.63,27.85,1989.57,97.20,6525,1880,657,137,37,19,34,67,97,156.94,71.79
1/1/2000 Sat.,00:07:03,6.31,107.10,0.68,17.78,1001.65,28.12,1930.59,97.20,9972,2917,1087,233,62,28,44,112,155,180.17,101.00
1/1/2000 Sat.,00:07:04,6.31,109.80,0.69,17.82,1001.65,28.60,1861.93,97.37,13320,3945,1487,322,88,39,58,154,215,204.47,130.70
1/1/2000 Sat.,00:07:05,6.32,111.60,0.71,17.87,1001.63,29.25,1775.27,97.20,16890,5019,1930,438,128,61,75,199,286,249.06,166.34
1/1/2000 Sat.,00:07:06,6.34,89.00,0.56,17.92,1001.67,30.03,1723.69,97.20,20757,6207,2418,551,154,72,91,248,351,297.62,198.52
1/1/2000 Sat.,00:07:07,6.35,79.10,0.50,18.00,1001.65,30.86,1670.84,97.20,20757,6207,2418,551,154,72,91,248,351,297.62,198.52
1/1/2000 Sat.,00:07:08,6.31,111.00,0.70,18.08,1001.63,31.74,1621.13,97.20,20757,6207,2418,551,154,72,91,248,351,297.62,198.52
1/1/2000 Sat.,00:07:09,6.34,81.10,0.51,18.12,1001.63,32.69,1557.76,97.37,24783,7400,2876,668,181,81,109,295,411,345.10,281.35
1/1/2000 Sat.,00:07:10,6.34,87.80,0.56,18.17,1001.59,33.64,1500.00,97.87,24783,7400,2876,668,181,81,109,295,411,345.10,281.35
1/1/2000 Sat.,00:07:10,6.36,93.60,0.59,18.23,1001.55,34.61,1399.37,97.70,24783,7400,2876,668,181,81,109,295,411,345.10,281.35
1/1/2000 Sat.,00:07:11,6.34,90.20,0.57,18.33,1001.59,35.50,1331.01,97.70,31443,9633,4907,1853,732,398,119,462,919,474.64,-1.00
1/1/2000 Sat.,00:07:12,6.34,81.90,0.52,18.43,1001.59,36.43,1325.72,97.70,37722,11726,6706,2666,1085,574,132,625,1302,-1.00,-1.00
1/1/2000 Sat.,00:07:13,6.36,93.50,0.60,18.53,1001.57,37.34,1316.57,97.37,43317,13588,7915,2930,1146,595,157,734,1446,-1.00,-1.00
1/1/2000 Sat.,00:07:14,6.34,87.80,0.56,18.61,1001.59,38.26,1310.11,97.53,47649,15050,8898,3235,1221,633,174,829,1589,-1.00,-1.00
1/1/2000 Sat.,00:07:14,6.34,79.70,0.51,18.67,1001.59,39.14,1302.44,97.53,50043,15905,9724,3500,1332,699,180,894,1722,-1.00,-1.00
1/1/2000 Sat.,00:07:15,6.34,81.70,0.52,18.73,1001.63,40.03,1281.19,97.37,52137,16658,10255,3610,1350,711,189,938,1780,-1.00,-1.00
1/1/2000 Sat.,00:07:16,6.35,92.00,0.58,18.79,1001.61,40.88,1282.42,97.37,54249,17378,10639,3732,1379,717,199,980,1835,-1.00,-1.00
1/1/2000 Sat.,00:07:17,6.34,85.60,0.54,18.85,1001.61,41.72,1263.01,97.37,55452,17797,10847,3753,1370,712,207,1001,1852,-1.00,-1.00
1/1/2000 Sat.,00:07:17,6.34,87.30,0.55,18.91,1001.63,42.51,1252.34,97.37,56115,18011,10986,3788,1390,725,209,1015,1875,-1.00,-1.00
1/1/2000 Sat.,00:07:18,6.34,91.50,0.58,18.95,1001.61,43.31,1244.18,97.53,57444,18477,11317,3882,1438,756,216,1041,1929,-1.00,-1.00
1/1/2000 Sat.,00:07:19,6.34,88.90,0.56,18.99,1001.61,44.05,1234.97,97.37,55383,17668,9924,2859,933,460,227,934,1508,-1.00,-1.00
1/1/2000 Sat.,00:07:20,6.34,90.10,0.57,19.02,1001.63,44.75,1232.69,97.53,53928,17077,8861,2276,634,309,236,858,1255,-1.00,-1.00
1/1/2000 Sat.,00:07:21,6.36,90.10,0.57,19.08,1001.65,45.38,1219.18,97.20,53271,16734,8256,2149,603,306,236,812,1193,-1.00,-1.00
1/1/2000 Sat.,00:07:21,6.36,92.30,0.59,19.14,1001.63,45.98,1210.33,97.37,52599,16437,7758,1977,574,288,238,768,1131,-1.00,-1.00
1/1/2000 Sat.,00:07:22,6.34,78.60,0.50,19.16,1001.63,46.58,1201.62,97.20,52599,16437,7758,1977,574,288,238,768,1131,-1.00,-1.00
1/1/2000 Sat.,00:07:23,6.36,91.80,0.58,19.17,1001.61,47.14,1199.46,97.20,52206,16240,7286,1815,501,235,240,741,1054,-1.00,-1.00
1/1/2000 Sat.,00:07:24,6.35,91.70,0.58,19.18,1001.63,47.66,1190.90,97.37,52206,16240,7286,1815,501,235,240,739,1051,-1.00,-1.00
1/1/2000 Sat.,00:07:25,6.34,80.60,0.51,19.20,1001.63,48.11,1189.84,97.37,52206,16240,7286,1815,501,235,240,739,1051,-1.00,-1.00
1/1/2000 Sat.,00:07:25,6.35,90.10,0.57,19.22,1001.61,48.55,1189.84,97.37,51474,15910,6889,1740,478,215,237,711,1002,-1.00,-1.00
1/1/2000 Sat.,00:07:26,6.34,84.90,0.54,19.26,1001.63,48.95,1186.67,97.37,51474,15910,6889,1740,478,215,237,711,1002,-1.00,-1.00
1/1/2000 Sat.,00:07:27,6.31,108.40,0.68,19.29,1001.63,49.33,1175.18,97.37,51474,15910,6889,1740,478,215,236,709,1000,-1.00,-1.00
1/1/2000 Sat.,00:07:28,6.31,98.90,0.62,19.30,1001.63,49.65,1172.08,97.20,49728,15256,6441,1606,438,204,229,664,933,-1.00,-1.00
1/1/2000 Sat.,00:07:29,6.31,99.50,0.63,19.31,1001.63,49.96,1161.88,97.20,48372,14731,6047,1516,424,189,221,628,887,-1.00,-1.00
1/1/2000 Sat.,00:07:30,6.30,103.20,0.65,19.31,1001.65,50.26,1159.86,97.37,46785,14178,5693,1417,393,171,213,595,837,-1.00,-1.00
1/1/2000 Sat.,00:07:31,6.32,112.40,0.71,19.34,1001.63,50.56,1158.85,97.03,44748,13478,5194,1284,333,140,207,555,763,-1.00,-1.00
1/1/2000 Sat.,00:07:32,6.30,111.40,0.70,19.36,1001.63,50.87,1149.87,97.20,42993,12892,4866,1182,296,122,197,527,710,-1.00,-1.00
1/1/2000 Sat.,00:07:33,6.30,101.30,0.64,19.40,1001.63,51.15,1143.96,97.37,41325,12280,4443,1012,263,109,190,485,650,489.83,-1.00
1/1/2000 Sat.,00:07:34,6.30,98.10,0.62,19.44,1001.63,51.38,1136.17,97.20,39585,11694,4164,935,253,103,182,458,615,472.00,-1.00
1/1/2000 Sat.,00:07:35,6.30,108.00,0.68,19.48,1001.63,51.59,1143.96,97.20,37827,11109,3828,839,215,87,175,426,559,450.86,455.00
1/1/2000 Sat.,00:07:35,6.30,107.40,0.68,19.52,1001.61,51.82,1133.28,97.20,35919,10472,3491,738,177,65,166,390,503,427.09,398.75
1/1/2000 Sat.,00:07:36,6.30,111.30,0.70,19.56,1001.59,52.05,1128.49,97.20,34080,9907,3250,667,171,69,158,361,473,407.93,361.15
1/1/2000 Sat.,00:07:37,6.30,109.80,0.69,19.60,1001.63,52.26,1121.85,97.37,33945,9887,3319,694,184,72,156,366,483,411.24,373.68
1/1/2000 Sat.,00:07:38,6.30,101.30,0.64,19.65,1001.61,52.42,1118.09,97.03,33990,9971,3490,758,198,83,156,381,507,421.14,403.00
1/1/2000 Sat.,00:07:39,6.35,91.50,0.58,19.70,1001.63,52.59,1117.16,97.20,34422,10106,3563,789,200,88,158,390,518,427.09,414.00
1/1/2000 Sat.,00:07:40,6.34,92.40,0.59,19.80,1001.65,52.75,1115.29,97.37,34422,10106,3563,789,200,88,158,390,518,427.09,414.00
1/1/2000 Sat.,00:07:41,6.32,109.30,0.69,19.89,1001.65,52.85,1118.09,97.20,34422,10106,3563,789,200,88,158,390,518,427.09,414.00
1/1/2000 Sat.,00:07:42,6.30,104.70,0.66,19.96,1001.65,52.90,1113.43,97.20,35385,10412,3782,844,214,94,158,404,542,436.33,438.00
1/1/2000 Sat.,00:07:42,6.32,109.70,0.69,20.02,1001.61,52.89,1127.53,97.20,36822,10864,3993,928,258,111,165,425,585,450.20,481.00
1/1/2000 Sat.,00:07:43,6.34,92.20,0.58,20.08,1001.63,52.89,1115.29,97.20,37971,11252,4221,1014,284,120,171,445,622,463.41,-1.00
1/1/2000 Sat.,00:07:44,6.31,107.20,0.68,20.14,1001.63,52.87,1125.63,97.20,39330,11674,4427,1074,307,124,178,464,654,475.96,-1.00
1/1/2000 Sat.,00:07:45,6.30,103.40,0.65,20.18,1001.63,52.85,1111.57,97.20,40512,12060,4635,1125,328,137,184,486,688,490.49,-1.00
1/1/2000 Sat.,00:07:46,6.30,100.10,0.63,20.18,1001.61,52.80,1102.40,97.03,41955,12489,4801,1193,370,166,189,503,732,-1.00,-1.00
1/1/2000 Sat.,00:07:47,6.32,110.00,0.69,20.18,1001.61,52.76,1105.13,97.20,43197,12886,5003,1269,399,186,194,523,772,-1.00,-1.00
1/1/2000 Sat.,00:07:48,6.30,100.10,0.63,20.19,1001.63,52.76,1117.16,97.20,43338,12940,5040,1251,400,186,195,523,772,-1.00,-1.00
1/1/2000 Sat.,00:07:49,6.30,100.60,0.63,20.24,1001.63,52.79,1106.05,97.20,43956,13135,5058,1253,402,192,199,527,780,-1.00,-1.00
1/1/2000 Sat.,00:07:49,6.31,110.90,0.70,20.27,1001.65,52.84,1093.37,97.03,44433,13308,5171,1268,414,185,202,534,791,-1.00,-1.00
1/1/2000 Sat.,00:07:50,6.30,111.60,0.70,20.30,1001.63,52.87,1092.47,97.03,44172,13256,5145,1239,412,178,202,529,783,-1.00,-1.00
1/1/2000 Sat.,00:07:51,6.30,101.60,0.64,20.32,1001.67,52.89,1089.80,97.03,43971,13183,5116,1228,399,181,200,526,778,-1.00,-1.00
1/1/2000 Sat.,00:07:52,6.34,93.30,0.59,20.34,1001.67,52.91,1106.96,96.86,43566,13048,5045,1194,390,181,199,520,765,-1.00,-1.00
1/1/2000 Sat.,00:07:53,6.34,91.90,0.58,20.40,1001.65,52.93,1098.77,97.03,43566,13048,5045,1194,390,181,199,520,765,-1.00,-1.00
1/1/2000 Sat.,00:07:54,6.34,87.10,0.55,20.45,1001.65,52.93,1106.05,96.86,43566,13048,5045,1194,390,181,199,520,765,-1.00,-1.00
1/1/2000 Sat.,00:07:55,6.34,87.00,0.55,20.52,1001.65,52.93,1095.16,96.69,43779,13141,5191,1258,396,183,198,535,785,-1.00,-1.00
1/1/2000 Sat.,00:07:55,6.33,87.10,0.55,20.60,1001.67,52.96,1096.06,97.03,44709,13480,5414,1342,416,186,202,558,819,-1.00,-1.00
1/1/2000 Sat.,00:07:56,6.34,78.90,0.50,20.67,1001.67,52.98,1084.48,96.69,45741,13861,5731,1440,425,188,205,588,858,-1.00,-1.00
1/1/2000 Sat.,00:07:57,6.34,81.30,0.52,20.75,1001.67,53.03,1078.35,96.86,47127,14304,6079,1579,462,203,211,622,910,-1.00,-1.00
1/1/2000 Sat.,00:07:58,6.34,85.70,0.54,20.82,1001.67,53.12,1079.22,96.69,48324,14720,6339,1694,504,223,216,648,962,-1.00,-1.00
1/1/2000 Sat.,00:07:59,6.33,85.70,0.54,20.87,1001.65,53.27,1062.05,96.86,49422,15138,6773,1818,555,232,219,684,1023,-1.00,-1.00
1/1/2000 Sat.,00:07:59,6.34,93.50,0.59,20.91,1001.69,53.48,1060.36,96.86,50784,15636,7169,1945,617,270,224,714,1089,-1.00,-1.00
1/1/2000 Sat.,00:08:00,6.35,92.60,0.59,20.97,1001.67,53.73,1055.34,96.86,52080,16099,7514,2087,674,301,229,747,1157,-1.00,-1.00
1/1/2000 Sat.,00:08:01,6.33,93.90,0.59,21.00,1001.69,53.98,1057.01,96.69,53109,16501,7820,2140,696,294,233,769,1189,-1.00,-1.00
1/1/2000 Sat.,00:08:02,6.34,91.20,0.58,21.01,1001.67,54.28,1046.24,96.69,54345,16968,8072,2216,714,291,238,795,1224,-1.00,-1.00
1/1/2000 Sat.,00:08:03,6.33,81.00,0.51,21.05,1001.71,54.60,1043.78,96.36,54759,17137,8136,2198,728,298,243,799,1236,-1.00,-1.00
1/1/2000 Sat.,00:08:03,6.33,85.90,0.54,21.08,1001.73,54.86,1047.88,96.36,54294,16959,8025,2143,723,298,241,783,1218,-1.00,-1.00
1/1/2000 Sat.,00:08:04,6.34,88.70,0.56,21.09,1001.75,55.01,1065.44,96.36,53574,16689,7806,2056,701,289,239,763,1184,-1.00,-1.00
1/1/2000 Sat.,00:08:05,6.34,89.00,0.56,21.09,1001.75,55.01,1052.84,96.36,53574,16689,7806,2056,701,289,239,763,1184,-1.00,-1.00
1/1/2000 Sat.,00:08:06,6.30,101.30,0.64,21.09,1001.75,54.86,1070.57,96.02,53574,16689,7806,2056,701,289,238,761,1181,-1.00,-1.00
1/1/2000 Sat.,00:08:07,6.34,90.50,0.57,21.09,1001.75,54.61,1080.97,96.19,52368,16281,7486,1919,659,265,233,727,1122,-1.00,-1.00
1/1/2000 Sat.,00:08:08,6.34,88.60,0.56,21.11,1001.75,54.27,1093.37,96.19,52368,16281,7486,1919,659,265,233,727,1122,-1.00,-1.00
1/1/2000 Sat.,00:08:08,6.30,103.60,0.65,21.13,1001.75,53.85,1099.67,96.19,52368,16281,7486,1919,659,265,231,722,1113,-1.00,-1.00
1/1/2000 Sat.,00:08:09,6.33,81.70,0.52,21.15,1001.75,53.52,1109.73,96.19,51756,16035,7278,1805,617,255,230,703,1070,-1.00,-1.00
1/1/2000 Sat.,00:08:10,6.35,92.00,0.58,21.15,1001.77,53.21,1115.29,96.19,51756,16035,7278,1805,617,255,230,703,1070,-1.00,-1.00
1/1/2000 Sat.,00:08:11,6.30,111.60,0.70,21.16,1001.75,52.94,1113.43,96.02,51756,16035,7278,1805,617,255,230,703,1070,-1.00,-1.00
1/1/2000 Sat.,00:08:12,6.33,91.10,0.58,21.17,1001.75,52.58,1124.68,96.02,50421,15497,6894,1705,581,242,224,671,1015,-1.00,-1.00
1/1/2000 Sat.,00:08:13,6.34,81.70,0.52,21.17,1001.75,52.20,1126.58,96.02,50421,15497,6894,1705,581,242,224,671,1015,-1.00,-1.00
1/1/2000 Sat.,00:08:14,6.30,110.60,0.70,21.17,1001.73,51.81,1138.11,96.19,50421,15497,6894,1705,581,242,224,671,1015,-1.00,-1.00
1/1/2000 Sat.,00:08:15,6.36,91.90,0.58,21.14,1001.73,51.41,1143.96,96.36,48894,14947,6471,1585,512,206,219,639,944,-1.00,-1.00
1/1/2000 Sat.,00:08:16,6.34,86.90,0.55,21.15,1001.75,51.06,1143.96,96.02,48894,14947,6471,1585,512,206,219,639,944,-1.00,-1.00
1/1/2000 Sat.,00:08:16,6.31,110.70,0.70,21.20,1001.77,50.72,1152.85,96.19,48894,14947,6471,1585,512,206,219,639,944,-1.00,-1.00
1/1/2000 Sat.,00:08:17,6.34,91.00,0.58,21.23,1001.75,50.34,1153.85,96.19,47448,14405,6071,1436,461,178,212,602,872,-1.00,-1.00
1/1/2000 Sat.,00:08:18,6.35,90.30,0.57,21.24,1001.77,49.98,1160.87,96.19,47448,14405,6071,1436,461,178,212,602,872,-1.00,-1.00
1/1/2000 Sat.,00:08:19,6.31,109.90,0.69,21.26,1001.77,49.66,1166.96,96.36,47448,14405,6071,1436,461,178,212,602,872,-1.00,-1.00
1/1/2000 Sat.,00:08:20,6.34,88.60,0.56,21.24,1001.73,49.32,1157.85,96.19,45774,13832,5675,1348,428,176,205,569,824,-1.00,-1.00
1/1/2000 Sat.,00:08:21,6.36,90.80,0.58,21.26,1001.75,49.12,1163.91,96.19,45774,13832,5675,1348,428,176,205,569,824,-1.00,-1.00
1/1/2000 Sat.,00:08:22,6.31,106.60,0.67,21.32,1001.75,49.06,1167.98,96.02,45774,13832,5675,1348,428,176,205,569,824,-1.00,-1.00
1/1/2000 Sat.,00:08:23,6.34,81.90,0.52,21.34,1001.77,49.07,1163.91,96.02,44559,13402,5401,1268,413,183,200,544,791,-1.00,-1.00
1/1/2000 Sat.,00:08:23,6.35,90.10,0.57,21.36,1001.79,49.15,1169.00,96.02,44559,13402,5401,1268,413,183,200,544,791,-1.00,-1.00
1/1/2000 Sat.,00:08:24,6.30,106.10,0.67,21.40,1001.77,49.28,1159.86,96.19,44559,13402,5401,1268,413,183,200,544,791,-1.00,-1.00
1/1/2000 Sat.,00:08:25,6.34,81.70,0.52,21.39,1001.75,49.50,1158.85,96.02,43005,12897,5073,1193,382,174,192,518,746,-1.00,-1.00
1/1/2000 Sat.,00:08:26,6.35,88.70,0.56,21.42,1001.77,49.76,1163.91,96.19,43005,12897,5073,1193,382,174,191,517,744,-1.00,-1.00
1/1/2000 Sat.,00:08:27,6.31,96.10,0.61,21.46,1001.75,50.02,1155.84,96.19,43005,12897,5073,1193,382,174,191,517,744,-1.00,-1.00
1/1/2000 Sat.,00:08:28,6.34,83.90,0.53,21.48,1001.75,50.32,1154.84,95.85,42354,12621,4879,1138,353,161,189,502,712,-1.00,-1.00
1/1/2000 Sat.,00:08:29,6.35,87.40,0.56,21.52,1001.75,50.61,1144.94,96.02,42354,12621,4879,1138,353,161,189,502,712,-1.00,-1.00
1/1/2000 Sat.,00:08:30,6.32,108.10,0.68,21.56,1001.77,50.81,1157.85,96.02,42354,12621,4879,1138,353,161,188,500,711,499.74,-1.00
